DEPARTAMENTO,CARGO,SUELDO BRUTO,MES,AÑO
DIRECCION GENERAL,DIRECTOR GENERAL DEL CESAC,150000,Mayo,2026
DIRECCION GENERAL,AYUDANTE DEL DIRECTOR GENERAL,90000,Mayo,2026
DIRECCION GENERAL,COORDINADORA DE EQUIDAD DE GENERO Y PREVENCION DE V. INF-,70000,Mayo,2026
DIRECCION GENERAL,SUBDIRECTOR ADMINISTRATIVO,70000,Mayo,2026
DIRECCION GENERAL,SUB-DIRECTOR ASISTENTE PERSONAL DEL DIRECTOR GRL,70000,Mayo,2026
DIRECCION GENERAL,SUB-DIRECTOR DE RECIBO Y DESPACHO DE CORRESPONDENCIAS,70000,Mayo,2026
DIRECCION GENERAL,ENC. DE LA OFICINA LIBRE ACCESO INFORMACION,35000,Mayo,2026
DIRECCION GENERAL,ENC. DEPTO ASUNTOS LEGALES,35000,Mayo,2026
DIRECCION GENERAL,ENC. DEPTO DE RECIBO Y DESPACHO CORRESP,35000,Mayo,2026
DIRECCION GENERAL,ENC. DEPTO. ADMINISTRATIVA,35000,Mayo,2026
DIRECCION GENERAL,ENC. DEPTO. COORDINACION GENERAL COM. ETICA,35000,Mayo,2026
DIRECCION GENERAL,ENC. DEPTO. DE ANALISIS AVSEC,35000,Mayo,2026
DIRECCION GENERAL,ENC. DEPTO. DE ARCHIVO CENTRAL,35000,Mayo,2026
DIRECCION GENERAL,ENC. DEPTO. DE CLASIFICACION Y EVALU. DE DOCUMENTO,35000,Mayo,2026
DIRECCION GENERAL,ENC. DEPTO. DE TECNICO,35000,Mayo,2026
DIRECCION GENERAL,ENC. DIV. ANALISIS Y SUPERVISION,25000,Mayo,2026
DIRECCION GENERAL,ENC. DIV. CONTROL DE EXAMENES POLIGRAFICOS,25000,Mayo,2026
DIRECCION GENERAL,ENC. DIV. DE DIGITACION Y ARCHIVO,30000,Mayo,2026
DIRECCION GENERAL,ENC. DIV. DE EVALUACION DOCUMENTACION AVSEC,25000,Mayo,2026
DIRECCION GENERAL,ENC. SECC. DE DIGITACION DE EXPEDIENTES,15000,Mayo,2026
DIRECCION GENERAL,ENC. SECC. DE REDACION,15000,Mayo,2026
DIRECCION GENERAL,ENC. SECC. DE SUPERV. Y LEVANTAMIENTO DE CAMPO,15000,Mayo,2026
DIRECCION GENERAL,"ENC. SECC. VALIDACION,CLASIFI Y ARCHIVO DE EXPEDIENTES",15000,Mayo,2026
DIRECCION GENERAL,AUXILIAR ACCESO LIBRE A LA INFORM,13500,Mayo,2026
DIRECCION GENERAL,AUXILIAR DE DIV. ARCHIVO CENTRAL,10000,Mayo,2026
DIRECCION GENERAL,AUXILIAR DE LA SECCION DE ARCHIVO CENTRAL,10000,Mayo,2026
DIRECCION GENERAL,DIGITADOR,25000,Mayo,2026
DIRECCION GENERAL,ASESOR PERMANENTE DE LA DIRECCIÓN GENERAL,20000,Mayo,2026
DIRECCION GENERAL,ASESOR ESPECIAL EN MATERIA MEDICA,40000,Mayo,2026
DIRECCION GENERAL,ASESORA ESPECIAL DE LA DIRECCION GENERAL,50000,Mayo,2026
DIRECCION GENERAL,ASESORA ESPECIAL EN MATERIA DE SEGURIDAD,50000,Mayo,2026
DIRECCION GENERAL,PSICOLOGA,30000,Mayo,2026
DIRECCION GENERAL,ENLACE ENTRE DNCD Y CESAC,15000,Mayo,2026
DIRECCION GENERAL,ENLACE ENTRE DNI Y CESAC,15000,Mayo,2026
DIRECCION GENERAL,MENSAJERO,12000,Mayo,2026
DIRECCION GENERAL,MENSAJERO NIVEL 1,17000,Mayo,2026
DIRECCION GENERAL,MENSAJERO NIVEL 1,17000,Mayo,2026
DIRECCION GENERAL,MENSAJERO NIVEL 1,17000,Mayo,2026
DIRECCION GENERAL,MENSAJERO NIVEL 2,12500,Mayo,2026
DIRECCION GENERAL,CHOFER NIVEL 1 ( VEHICULOS PESADOS Y TRANSPORTE COLECTIVO),20000,Mayo,2026
DIRECCION GENERAL,CAMARERA NIVEL 1,12000,Mayo,2026
DIRECCION GENERAL,CAMARERA NIVEL 1,14000,Mayo,2026
DIRECCION GENERAL,CAMARERA NIVEL 1,13500,Mayo,2026
DIRECCION GENERAL,CAMARERO NIVEL 2,12000,Mayo,2026
DIRECCION GENERAL,CONSERJE,12500,Mayo,2026
DIRECCION GENERAL,REGISTRO Y CORRESPONDENCIA,25000,Mayo,2026
DIRECCION GENERAL,SERVICIO DE SEGURIDAD AEROPORTUARIA,15000,Mayo,2026
DIRECCION GENERAL,SERVICIO DE SEGURIDAD AEROPORTUARIA,14000,Mayo,2026
DIRECCION GENERAL,SERVICIO DE SEGURIDAD AEROPORTUARIA,30000,Mayo,2026
DIRECCION GENERAL,SERVICIO DE SEGURIDAD AEROPORTUARIA,20300,Mayo,2026
DIRECCION GENERAL,SERVICIO DE SEGURIDAD AEROPORTUARIA,15000,Mayo,2026
SUB-DIRECCION GENERAL,SUB-DIRECTOR GENERAL,125000,Mayo,2026
SUB-DIRECCION GENERAL,ENC. DEPTO. ADMINISTRATIVA,35000,Mayo,2026
SUB-DIRECCION GENERAL,ENC. DIV. DE ADMINISTRATIVA,25000,Mayo,2026
SUPERVISORIA GENERAL,SUPERVISOR GENERAL,125000,Mayo,2026
SUPERVISORIA GENERAL,ENC. DEPTO. DE AYUDANTIA,35000,Mayo,2026
SUPERVISORIA GENERAL,ENC. DIV. ADMINISTRATIVA,25000,Mayo,2026
SUPERVISORIA GENERAL,ENC. DIV. DE SEGUIMIENTO,25000,Mayo,2026
SUPERVISORIA GENERAL,ENC. SECC. DE ARCHIVO Y CORRESPONDENCIA,30000,Mayo,2026
SUPERVISORIA GENERAL,SUPERVISOR GENERAL DE LOS SERVICIOS DE SEGU.,20000,Mayo,2026
SUPERVISORIA GENERAL,SUPERVISOR GENERAL DE LOS SERVICIOS DE SEGU.,20000,Mayo,2026
SUPERVISORIA GENERAL,SUPERVISOR GENERAL DE LOS SERVICIOS DE SEGU.,20000,Mayo,2026
SUPERVISORIA GENERAL,SUPERVISOR GENERAL DE LOS SERVICIOS DE SEGU.,20000,Mayo,2026
SUPERVISORIA GENERAL,SUPERVISOR GENERAL DE LOS SERVICIOS DE SEGU.,20000,Mayo,2026
SUPERVISORIA GENERAL,SUPERVISOR GENERAL DE LOS SERVICIOS DE SEGU.,20000,Mayo,2026
SUPERVISORIA GENERAL,SUPERVISOR GENERAL DE LOS SERVICIOS DE SEGU.,20000,Mayo,2026
SUPERVISORIA GENERAL,SUPERVISOR GENERALES DE LOS SERVICIOS DE SEGU.,20000,Mayo,2026
SUPERVISORIA GENERAL,SUPERVISOR GENERALES DE LOS SERVICIOS DE SEGU.,20000,Mayo,2026
SUPERVISORIA GENERAL,SERVICIO DE SEGURIDAD AEROPORTUARIA,21500,Mayo,2026
SUPERVISORIA GENERAL,SERVICIO DE SEGURIDAD AEROPORTUARIA,15000,Mayo,2026
INSPECTORIA GENERAL,INSPECTOR GENERAL,125000,Mayo,2026
INSPECTORIA GENERAL,ENC. DEPTO. DE AYUDANTIA,35000,Mayo,2026
INSPECTORIA GENERAL,ENC. DIV. ADMINISTRATIVA,30000,Mayo,2026
INSPECTORIA GENERAL,ENC. SECC. DE SEGUIMIENTO,25000,Mayo,2026
INSPECTORIA GENERAL,DIGITADOR,30000,Mayo,2026
INSPECTORIA GENERAL,SERVICIO DE SEGURIDAD AEROPORTUARIA,30000,Mayo,2026
DIRECCION DE RECURSOS HUMANOS,DIRECTOR DE RECURSOS HUMANOS,90000,Mayo,2026
DIRECCION DE RECURSOS HUMANOS,SUBDIRECTOR DE RECURSOS HUMANOS,70000,Mayo,2026
DIRECCION DE RECURSOS HUMANOS,SUB-DIRECTORA DE NOMINA,70000,Mayo,2026
DIRECCION DE RECURSOS HUMANOS,ENC. DEPTO. DE ADMINISTRATIVO,35000,Mayo,2026
DIRECCION DE RECURSOS HUMANOS,ENC. DEPTO. DE ANALIS DE CARGOS,35000,Mayo,2026
DIRECCION DE RECURSOS HUMANOS,ENC. DEPTO. DE RECLUTAMIENTO Y SELECCIÓN DE PERSONAL,35000,Mayo,2026
DIRECCION DE RECURSOS HUMANOS,ENC. DEPTO. DE REGISTRO Y CONTROL,35000,Mayo,2026
DIRECCION DE RECURSOS HUMANOS,ENC. DIV. CAPACITACION Y DESARROLLO,25000,Mayo,2026
DIRECCION DE RECURSOS HUMANOS,ENC. DIV. DATOS Y RECORD,25000,Mayo,2026
DIRECCION DE RECURSOS HUMANOS,ENC. DIV. DE CARNETIZACION,25000,Mayo,2026
DIRECCION DE RECURSOS HUMANOS,ENC. DIV. DE CORRESPONDENCIA Y ARCHIVO,25000,Mayo,2026
DIRECCION DE RECURSOS HUMANOS,ENC. DIV. DE EVALUACION DE INGRESOS,25000,Mayo,2026
DIRECCION DE RECURSOS HUMANOS,ENC. DIV. DE SEGUIMIENTO Y CONTROL PERSONAL,25000,Mayo,2026
DIRECCION DE RECURSOS HUMANOS,ENC. DIV. DE SEGURO MEDICO,25000,Mayo,2026
DIRECCION DE RECURSOS HUMANOS,ENCARGADA DE LA DIVISION DE DESCUENTOS Y COMPENSACIONES,35000,Mayo,2026
DIRECCION DE RECURSOS HUMANOS,ENC. SECC. BIENESTAR HUMANOS,15000,Mayo,2026
DIRECCION DE RECURSOS HUMANOS,ENC. SECC. DE ANALISIS DE DOCUMENTOS,15000,Mayo,2026
DIRECCION DE RECURSOS HUMANOS,ENC. SECC. DE CAPACITACION EXTRACURRILARES,15000,Mayo,2026
DIRECCION DE RECURSOS HUMANOS,ENC. SECC. DE CARNET UNICO,15000,Mayo,2026
DIRECCION DE RECURSOS HUMANOS,ENC. SECC. DE COMPENSACION,15000,Mayo,2026
DIRECCION DE RECURSOS HUMANOS,ENC. SECC. DE CONTROL DE SUPLE.VAC.Y LICE. MED,30000,Mayo,2026
DIRECCION DE RECURSOS HUMANOS,ENC. SECC. DE DESCUENTOS,20300,Mayo,2026
DIRECCION DE RECURSOS HUMANOS,ENC. SECC. DE EVALUACION DEL DESEMPEÑO,15000,Mayo,2026
DIRECCION DE RECURSOS HUMANOS,ENC. SECC. DEL PERSONAL PASIVO,15000,Mayo,2026
DIRECCION DE RECURSOS HUMANOS,ENC. SECC. RECIBO Y DESPACHO CORRESP,15000,Mayo,2026
DIRECCION DE RECURSOS HUMANOS,ENC. SECC. RIESGO LABORAL,15000,Mayo,2026
DIRECCION DE RECURSOS HUMANOS,AUXI. DIV. DE SEGUIMIENTO Y CONTROL,12500,Mayo,2026
DIRECCION DE RECURSOS HUMANOS,AUXILIAR,15000,Mayo,2026
DIRECCION DE RECURSOS HUMANOS,AUXILIAR,17000,Mayo,2026
DIRECCION DE RECURSOS HUMANOS,AUXILIAR DE DATOS Y RECORD,10000,Mayo,2026
DIRECCION DE RECURSOS HUMANOS,AUXILIAR DEPTO. DE RECLUTAMIENTO Y SELECCION PERSONAL,25000,Mayo,2026
DIRECCION DE RECURSOS HUMANOS,AUXILIAR DEPTO. DE RECLUTAMIENTO Y SELECCION PERSONAL,25000,Mayo,2026
DIRECCION DE RECURSOS HUMANOS,AUXILIAR DEPTO. REGISTRO Y CONTROL,30000,Mayo,2026
DIRECCION DE RECURSOS HUMANOS,AUXILIAR DIV. DE EVALUACION DE INGRESO,12500,Mayo,2026
DIRECCION DE RECURSOS HUMANOS,AUXILIAR DIV. SEGUIMIENTO Y CONTROL DE PERSONAL,30000,Mayo,2026
DIRECCION DE RECURSOS HUMANOS,AUXILIAR SECC. DE EVALUACION,25000,Mayo,2026
DIRECCION DE RECURSOS HUMANOS,SUPERVISOR AVSEC,21500,Mayo,2026
DIRECCION DE RECURSOS HUMANOS,SUPLENTE DEL DIRECTOR DE SEGURIDAD EN EL AILA,25000,Mayo,2026
DIRECCION DE RECURSOS HUMANOS,DIGITADOR,30000,Mayo,2026
DIRECCION DE RECURSOS HUMANOS,ASESOR PERMANENTE DE LA DIRECCIÓN GENERAL,30000,Mayo,2026
DIRECCION DE RECURSOS HUMANOS,ASESOR PERMANENTE DE LA DIRECCIÓN GENERAL,20000,Mayo,2026
DIRECCION DE RECURSOS HUMANOS,ASESOR PERMANENTE DE LA DIRECCIÓN GENERAL,20000,Mayo,2026
DIRECCION DE RECURSOS HUMANOS,MEDICO DE SERV. SEDE PRINCIPAL,30000,Mayo,2026
DIRECCION DE RECURSOS HUMANOS,PERIODISTA,20000,Mayo,2026
DIRECCION DE RECURSOS HUMANOS,CHOFER NIVEL 1 (VEHICULOS PESADOS Y TRANSPORTE COLECTIVO),15000,Mayo,2026
DIRECCION DE RECURSOS HUMANOS,CHOFER,18500,Mayo,2026
DIRECCION DE RECURSOS HUMANOS,CHOFER NIVEL 2 (VEHICULOS LIVIANOS),15000,Mayo,2026
DIRECCION DE RECURSOS HUMANOS,SERV. DE GUARDIA INTERIOR,10000,Mayo,2026
DIRECCION DE RECURSOS HUMANOS,SERV. DE GUARDIA INTERIOR,5000,Mayo,2026
DIRECCION DE RECURSOS HUMANOS,SERVICIO DE SEG. AEROPORTUARIA,30000,Mayo,2026
DIRECCION DE RECURSOS HUMANOS,SERVICIO DE SEGURIDAD AEROPORTUARIA,20000,Mayo,2026
DIRECCION DE RECURSOS HUMANOS,SERVICIO DE SEGURIDAD AEROPORTUARIA,20000,Mayo,2026
DIRECCION DE RECURSOS HUMANOS,SERVICIO DE SEGURIDAD AEROPORTUARIA,25000,Mayo,2026
DIRECCION DE RECURSOS HUMANOS,SERVICIO DE SEGURIDAD AEROPORTUARIA,15000,Mayo,2026
DIRECCION DE RECURSOS HUMANOS,SERVICIO DE SEGURIDAD AEROPORTUARIA,20000,Mayo,2026
DIRECCION DE RECURSOS HUMANOS,SERVICIO DE SEGURIDAD AEROPORTUARIA,10000,Mayo,2026
DIRECCION DE RECURSOS HUMANOS,SERVICIO DE SEGURIDAD AEROPORTUARIA,10000,Mayo,2026
DIRECCION DE RECURSOS HUMANOS,SERVICIO DE SEGURIDAD AEROPORTUARIA,10000,Mayo,2026
DIRECCION DE RECURSOS HUMANOS,SERVICIO DE SEGURIDAD AEROPORTUARIA,15000,Mayo,2026
DIRECCION DE RECURSOS HUMANOS,SERVICIO DE SEGURIDAD AEROPORTUARIA,10000,Mayo,2026
DIRECCION DE RECURSOS HUMANOS,SERVICIO DE SEGURIDAD AEROPORTUARIA,5300,Mayo,2026
DIRECCION DE RECURSOS HUMANOS,SERVICIO DE SEGURIDAD AEROPORTUARIA,10000,Mayo,2026
DIRECCION DE RECURSOS HUMANOS,SERVICIO DE SEGURIDAD AEROPORTUARIA,10000,Mayo,2026
DIRECCION DE RECURSOS HUMANOS,SERVICIO DE SEGURIDAD AEROPORTUARIA,12500,Mayo,2026
DIRECCION DE RECURSOS HUMANOS,SERVICIO DE SEGURIDAD AEROPORTUARIA,12500,Mayo,2026
DIRECCION DE RECURSOS HUMANOS,SERVICIO DE SEGURIDAD AEROPORTUARIA,20000,Mayo,2026
DIRECCION DE RECURSOS HUMANOS,SERVICIO DE SEGURIDAD AEROPORTUARIA,10000,Mayo,2026
DIRECCION DE RECURSOS HUMANOS,SERVICIO DE SEGURIDAD AEROPORTUARIA,20000,Mayo,2026
DIRECCION DE RECURSOS HUMANOS,SERVICIO DE SEGURIDAD AEROPORTUARIA,10000,Mayo,2026
DIRECCION DE RECURSOS HUMANOS,SERVICIO DE SEGURIDAD AEROPORTUARIA,15000,Mayo,2026
DIRECCION DE RECURSOS HUMANOS,SERVICIO DE SEGURIDAD AEROPORTUARIA,20000,Mayo,2026
DIRECCION DE RECURSOS HUMANOS,SERVICIO DE SEGURIDAD AEROPORTUARIA,10000,Mayo,2026
DIRECCION DE RECURSOS HUMANOS,SERVICIO DE SEGURIDAD AEROPORTUARIA,10000,Mayo,2026
DIRECCION DE RECURSOS HUMANOS,SERVICIO DE SEGURIDAD AEROPORTUARIA,25000,Mayo,2026
DIRECCION DE RECURSOS HUMANOS,SERVICIO DE SEGURIDAD AEROPORTUARIA,30000,Mayo,2026
DIRECCION DE RECURSOS HUMANOS,SERVICIO DE SEGURIDAD AEROPORTUARIA,30000,Mayo,2026
DIRECCION DE RECURSOS HUMANOS,SERVICIO DE SEGURIDAD AEROPORTUARIA,30000,Mayo,2026
DIRECCION DE RECURSOS HUMANOS,SERVICIO DE SEGURIDAD AEROPORTUARIA,12500,Mayo,2026
DIRECCION DE RECURSOS HUMANOS,SERVICIO DE SEGURIDAD AEROPORTUARIA,15000,Mayo,2026
DIRECCION DE OPERACIONES,DIRECTOR DE OPERACIONES,90000,Mayo,2026
DIRECCION DE OPERACIONES,"SUB-DIRECTOR DE DETECCION DE EXPLOSIVOS ""K-9""",70000,Mayo,2026
DIRECCION DE OPERACIONES,SUB-DIRECTOR DE OPERACIONES,70000,Mayo,2026
DIRECCION DE OPERACIONES,SUB-DIRECTOR DE PLANES Y PROGRAMAS,70000,Mayo,2026
DIRECCION DE OPERACIONES,SUB-DIRECTOR DEL CENTRO COMANDO Y CONTROL CENTRAL C-4,70000,Mayo,2026
DIRECCION DE OPERACIONES,ENC. DEPTO. ADMINISTRATIVA,35000,Mayo,2026
DIRECCION DE OPERACIONES,ENC. DEPTO. DE DOCUMENTOS DE SEGURIDAD,35000,Mayo,2026
DIRECCION DE OPERACIONES,ENC. DEPTO. DE OPERACIÓNES,35000,Mayo,2026
DIRECCION DE OPERACIONES,ENC. DEPTO. DE VIDEO VIGILANCIA,35000,Mayo,2026
DIRECCION DE OPERACIONES,ENC. DIV. DE ANALISIS DE INF.,25000,Mayo,2026
DIRECCION DE OPERACIONES,ENC. DIV. DE REVISION Y ANALISIS PSA,25000,Mayo,2026
DIRECCION DE OPERACIONES,ENC. DIV. DE SEGUIMIENTO,25000,Mayo,2026
DIRECCION DE OPERACIONES,ENC. DIV. ENTRENAM. PERIODICO,28000,Mayo,2026
DIRECCION DE OPERACIONES,ENC. DIV. ENTRENAMIENTO,25000,Mayo,2026
DIRECCION DE OPERACIONES,ENC. DIV. RECOP. Y PROC. INF.,25000,Mayo,2026
DIRECCION DE OPERACIONES,ENC. DIV. SUPERVISOR DE SERVICIO C-3 C-4,25000,Mayo,2026
DIRECCION DE OPERACIONES,ENC. SECC. DE LECCIONES APRENDIDAD,21500,Mayo,2026
DIRECCION DE OPERACIONES,ENC. SECC. DE VETERINARIA K-9,21500,Mayo,2026
DIRECCION DE OPERACIONES,"ENCARGADO DE SECCION DE ENTRENAMIENTO PERIODICO ""K-9""",21500,Mayo,2026
DIRECCION DE OPERACIONES,UNIDAD AUX. DEPTO. DE VIDEO VIGILANCIA,30000,Mayo,2026
DIRECCION DE OPERACIONES,AUX. SECC. RECOP. Y PROC. INF.,21500,Mayo,2026
DIRECCION DE OPERACIONES,AUX. SECC. RECOP. Y PROC. INF.,21500,Mayo,2026
DIRECCION DE OPERACIONES,AUX. SECC. VETERINARIA,32650,Mayo,2026
DIRECCION DE OPERACIONES,AUXI DIV. DE ENTRENAMIENTO PERIODICO K-9,21500,Mayo,2026
DIRECCION DE OPERACIONES,AUXILIAR DE LA DIV. DE ENTRENAMIENTOS,27650,Mayo,2026
DIRECCION DE OPERACIONES,AUXILIAR SECC. RECOPILACIO Y PROCEDIMIENTO,30000,Mayo,2026
DIRECCION DE OPERACIONES,AUXILIAR SECC. RECOPILACIO Y PROCEDIMIENTO,30000,Mayo,2026
DIRECCION DE OPERACIONES,MANEJADOR K-9 EN LA SECCION DE DETECCION DE EXPLOSIVOS,21500,Mayo,2026
DIRECCION DE OPERACIONES,MANEJADOR K-9 EN LA SECCION DE DETECCION DE EXPLOSIVOS,21500,Mayo,2026
DIRECCION DE OPERACIONES,MANEJADOR K-9 EN LA SECCION DE DETECCION DE EXPLOSIVOS,21500,Mayo,2026
DIRECCION DE OPERACIONES,MANEJADOR K-9 EN LA SECCION DE DETECCION DE EXPLOSIVOS,21500,Mayo,2026
DIRECCION DE OPERACIONES,MANEJADOR K-9 EN LA SECCION DE DETECCIÓN DE EXPLOSIVOS,35000,Mayo,2026
DIRECCION DE OPERACIONES,SUPERVISOR C-4,21500,Mayo,2026
DIRECCION DE OPERACIONES,SUPERVISOR C-4,21000,Mayo,2026
DIRECCION DE OPERACIONES,SUPERVISOR EN EL C-4,21500,Mayo,2026
DIRECCION DE OPERACIONES,SUPERVISOR EN EL C-4,21500,Mayo,2026
DIRECCION DE OPERACIONES,SUPERVISOR EN EL C-3,21500,Mayo,2026
DIRECCION DE OPERACIONES,OPERADOR C-4,21500,Mayo,2026
DIRECCION DE OPERACIONES,OPERADOR C-4,21500,Mayo,2026
DIRECCION DE OPERACIONES,OPERADOR C-4,21500,Mayo,2026
DIRECCION DE OPERACIONES,OPERADOR C-4,14000,Mayo,2026
DIRECCION DE OPERACIONES,OPERADOR C-4,25000,Mayo,2026
DIRECCION DE OPERACIONES,OPERADOR C-4,25000,Mayo,2026
DIRECCION DE OPERACIONES,OPERADOR C-4,30000,Mayo,2026
DIRECCION DE OPERACIONES,OPERADOR DEL C-4,21500,Mayo,2026
DIRECCION DE OPERACIONES,OPERADOR DEL C-4,12000,Mayo,2026
DIRECCION DE OPERACIONES,OPERADOR DEL C-4,25000,Mayo,2026
DIRECCION DE OPERACIONES,OPERADOR DEL C-4,25000,Mayo,2026
DIRECCION DE OPERACIONES,OPERADOR DEL C-4,25000,Mayo,2026
DIRECCION DE OPERACIONES,OPERADOR DEL C-4,30000,Mayo,2026
DIRECCION DE OPERACIONES,OPERADOR DEL C-4,35000,Mayo,2026
DIRECCION DE OPERACIONES,OPERADOR DEL C-4,30000,Mayo,2026
DIRECCION DE OPERACIONES,OPERADOR DEL C-4,30000,Mayo,2026
DIRECCION DE OPERACIONES,OPERADOR DEL C-4,30000,Mayo,2026
DIRECCION DE OPERACIONES,OPERADOR DEL C-4,30000,Mayo,2026
DIRECCION DE OPERACIONES,OPERADOR DEL C-4,19500,Mayo,2026
DIRECCION DE OPERACIONES,OPERADOR DEL C-4,30000,Mayo,2026
DIRECCION DE OPERACIONES,OPERADOR DEL C-4,14500,Mayo,2026
DIRECCION DE OPERACIONES,OPERADORA DEL C-4,25000,Mayo,2026
DIRECCION DE OPERACIONES,OPERADORA DEL C-4,30000,Mayo,2026
DIRECCION DE OPERACIONES,OPERADOR DEL C-3,14000,Mayo,2026
DIRECCION DE OPERACIONES,ANALISTA DE PROCEDIMIENTO AVSEC,20000,Mayo,2026
DIRECCION DE OPERACIONES,ANALISTA DE PROCEDIMIENTOS AVSEC,21500,Mayo,2026
DIRECCION DE OPERACIONES,SOPORTE TECNICO C-4,30000,Mayo,2026
DIRECCION DE OPERACIONES,DIGITADOR,27650,Mayo,2026
DIRECCION DE OPERACIONES,DIGITADOR,30000,Mayo,2026
DIRECCION DE OPERACIONES,DIGITADOR DEL DEPARTAMENTO ADMINISTRATIVO,20000,Mayo,2026
DIRECCION DE OPERACIONES,DIGITADOR DEL DEPARTAMENTO DE DOCUMENTOS,14000,Mayo,2026
DIRECCION DE OPERACIONES,VETERINARIO K-9,35000,Mayo,2026
DIRECCION DE OPERACIONES,ARCHIVISTA,13500,Mayo,2026
DIRECCION DE OPERACIONES,ARCHIVISTA DEL DEPTO DE DOCUM. SEGUR,14000,Mayo,2026
DIRECCION DE OPERACIONES,RECEPCIONISTA C-4,15000,Mayo,2026
DIRECCION DE OPERACIONES,SERVICIO DE SEG. AEROPORTUARIA,30000,Mayo,2026
DIRECCION DE OPERACIONES,SERVICIO DE SEG. AEROPORTUARIA,30000,Mayo,2026
DIRECCION DE OPERACIONES,SERVICIO DE SEG. AEROPORTUARIA,30000,Mayo,2026
DIRECCION DE OPERACIONES,SERVICIO DE SEGURIDAD AEROPORTUARIA,21500,Mayo,2026
DIRECCION DE OPERACIONES,SERVICIO DE SEGURIDAD AEROPORTUARIA,21500,Mayo,2026
DIRECCION DE OPERACIONES,SERVICIO DE SEGURIDAD AEROPORTUARIA,21500,Mayo,2026
DIRECCION DE OPERACIONES,SERVICIO DE SEGURIDAD AEROPORTUARIA,14000,Mayo,2026
DIRECCION DE OPERACIONES,SERVICIO DE SEGURIDAD AEROPORTUARIA,14000,Mayo,2026
DIRECCION DE OPERACIONES,SERVICIO DE SEGURIDAD AEROPORTUARIA,14000,Mayo,2026
DIRECCION DE OPERACIONES,SERVICIO DE SEGURIDAD AEROPORTUARIA,25000,Mayo,2026
DIRECCION DE OPERACIONES,SERVICIO DE SEGURIDAD AEROPORTUARIA,25000,Mayo,2026
DIRECCION DE OPERACIONES,SERVICIO DE SEGURIDAD AEROPORTUARIA,15000,Mayo,2026
DIRECCION DE OPERACIONES,SERVICIO DE SEGURIDAD AEROPORTUARIA,14000,Mayo,2026
DIRECCION DE OPERACIONES,SERVICIO DE SEGURIDAD AEROPORTUARIA,30000,Mayo,2026
DIRECCION DE OPERACIONES,SERVICIO DE SEGURIDAD AEROPORTUARIA,30000,Mayo,2026
DIRECCION DE OPERACIONES,SERVICIO DE SEGURIDAD AEROPORTUARIA,30500,Mayo,2026
DIRECCION DE OPERACIONES,SERVICIO DE SEGURIDAD AEROPORTUARIA,30000,Mayo,2026
DIRECCION DE OPERACIONES,SERVICIO DE SEGURIDAD AEROPORTUARIA,30000,Mayo,2026
DIRECCION DE LA ESCUELA DE SEG. DE LA AV. CIV.,DIRECTOR DE LA ESCUELA DE SEGURIDAD,90000,Mayo,2026
DIRECCION DE LA ESCUELA DE SEG. DE LA AV. CIV.,SUB-DIRECTOR ACADEMICO,70000,Mayo,2026
DIRECCION DE LA ESCUELA DE SEG. DE LA AV. CIV.,SUB-DIRECTOR ADMINISTRATIVO,70000,Mayo,2026
DIRECCION DE LA ESCUELA DE SEG. DE LA AV. CIV.,SUB-DIRECTOR DE SUPERVISION DEL CURSO DE INTRUCCION BASICA,70000,Mayo,2026
DIRECCION DE LA ESCUELA DE SEG. DE LA AV. CIV.,ENC. DEPTO. ADMINISTRATIVA,35000,Mayo,2026
DIRECCION DE LA ESCUELA DE SEG. DE LA AV. CIV.,ENC. DEPTO. DE EDUCACION VIRTUAL,40000,Mayo,2026
DIRECCION DE LA ESCUELA DE SEG. DE LA AV. CIV.,ENC. DEPTO. PLANES Y PROGRAMAS,40000,Mayo,2026
DIRECCION DE LA ESCUELA DE SEG. DE LA AV. CIV.,ENC. DIV. DE CAPACITACION AVSEC,30000,Mayo,2026
DIRECCION DE LA ESCUELA DE SEG. DE LA AV. CIV.,ENC. DIV. DE REVISION Y ANALISI DE INTRUCCION,30000,Mayo,2026
DIRECCION DE LA ESCUELA DE SEG. DE LA AV. CIV.,ENC. DIV. PROG.Y COORD CURSOS,30000,Mayo,2026
DIRECCION DE LA ESCUELA DE SEG. DE LA AV. CIV.,ENC. SECC. ADMINISTRATIVA,15000,Mayo,2026
DIRECCION DE LA ESCUELA DE SEG. DE LA AV. CIV.,ENC. SECC. ADMISION Y REGISTRO,23000,Mayo,2026
DIRECCION DE LA ESCUELA DE SEG. DE LA AV. CIV.,ENC. SECC. DE ADMISION Y REGISTRO,23500,Mayo,2026
DIRECCION DE LA ESCUELA DE SEG. DE LA AV. CIV.,ENC. SECC. DE APOYO A LA INSTR,23500,Mayo,2026
DIRECCION DE LA ESCUELA DE SEG. DE LA AV. CIV.,ENC. SECC. DE CONTROL DE PROGRAMAS Y DOCUMENTOS DE SEGURIDAD,40000,Mayo,2026
DIRECCION DE LA ESCUELA DE SEG. DE LA AV. CIV.,ENC. SECC. DE ENLACE,20300,Mayo,2026
DIRECCION DE LA ESCUELA DE SEG. DE LA AV. CIV.,ENC. SECC. DE ESTADISTICAS DE CURSOS,23000,Mayo,2026
DIRECCION DE LA ESCUELA DE SEG. DE LA AV. CIV.,ENC. SECC. DE INFORMATICA,25000,Mayo,2026
DIRECCION DE LA ESCUELA DE SEG. DE LA AV. CIV.,ENC. SECC. DE LA BIBLIOTECA,23000,Mayo,2026
DIRECCION DE LA ESCUELA DE SEG. DE LA AV. CIV.,ENC. SECC. DE LOGISTICA,15000,Mayo,2026
DIRECCION DE LA ESCUELA DE SEG. DE LA AV. CIV.,ENC. SECC. DE MANTENIMIENTO,15000,Mayo,2026
DIRECCION DE LA ESCUELA DE SEG. DE LA AV. CIV.,ENC. SECC. DE RECUROS HUMANOS,23500,Mayo,2026
DIRECCION DE LA ESCUELA DE SEG. DE LA AV. CIV.,ENC. SECC. REG. Y ARCHIVO,23000,Mayo,2026
DIRECCION DE LA ESCUELA DE SEG. DE LA AV. CIV.,ENCARGADA SECCION DE ADMISION Y REGISTRO,23000,Mayo,2026
DIRECCION DE LA ESCUELA DE SEG. DE LA AV. CIV.,INSTRECTOR (A),23500,Mayo,2026
DIRECCION DE LA ESCUELA DE SEG. DE LA AV. CIV.,INSTRUCTOR (A),23000,Mayo,2026
DIRECCION DE LA ESCUELA DE SEG. DE LA AV. CIV.,INSTRUCTOR (A),23000,Mayo,2026
DIRECCION DE LA ESCUELA DE SEG. DE LA AV. CIV.,INSTRUCTOR (A),23500,Mayo,2026
DIRECCION DE LA ESCUELA DE SEG. DE LA AV. CIV.,INSTRUCTOR AVSEC,23000,Mayo,2026
DIRECCION DE LA ESCUELA DE SEG. DE LA AV. CIV.,INSTRUCTOR AVSEC,23000,Mayo,2026
DIRECCION DE LA ESCUELA DE SEG. DE LA AV. CIV.,INSTRUCTOR AVSEC,30500,Mayo,2026
DIRECCION DE LA ESCUELA DE SEG. DE LA AV. CIV.,INSTRUCTOR AVSEC,25000,Mayo,2026
DIRECCION DE LA ESCUELA DE SEG. DE LA AV. CIV.,INSTRUCTOR AVSEC,35000,Mayo,2026
DIRECCION DE LA ESCUELA DE SEG. DE LA AV. CIV.,INSTRUCTOR AVSEC,40000,Mayo,2026
DIRECCION DE LA ESCUELA DE SEG. DE LA AV. CIV.,INSTRUCTOR AVSEC,30000,Mayo,2026
DIRECCION DE LA ESCUELA DE SEG. DE LA AV. CIV.,MONITOR E INSTRUCTOR MATERIA MILITARES,22500,Mayo,2026
DIRECCION DE LA ESCUELA DE SEG. DE LA AV. CIV.,INSTRUCTOR DE INGLES,20000,Mayo,2026
DIRECCION DE LA ESCUELA DE SEG. DE LA AV. CIV.,INSTRUCTOR DE INGLES,45000,Mayo,2026
DIRECCION DE LA ESCUELA DE SEG. DE LA AV. CIV.,MONITORA DEL CURSO INGLES INT.,23500,Mayo,2026
DIRECCION DE LA ESCUELA DE SEG. DE LA AV. CIV.,DISEÑADOR GRAFICO,20300,Mayo,2026
DIRECCION DE LA ESCUELA DE SEG. DE LA AV. CIV.,SERVICIO DE SEGURIDAD AEROPORTUARIA,14000,Mayo,2026
DIRECCION DE LA ESCUELA DE SEG. DE LA AV. CIV.,SERVICIO DE SEGURIDAD AEROPORTUARIA,14000,Mayo,2026
DIRECCION DE LA ESCUELA DE SEG. DE LA AV. CIV.,SERVICIO DE SEGURIDAD AEROPORTUARIA,14000,Mayo,2026
DIRECCION DE LA ESCUELA DE SEG. DE LA AV. CIV.,SERVICIO DE SEGURIDAD AEROPORTUARIA,14000,Mayo,2026
DIRECCION DE LA ESCUELA DE SEG. DE LA AV. CIV.,SERVICIO DE SEGURIDAD AEROPORTUARIA,14000,Mayo,2026
DIRECCION DE LA ESCUELA DE SEG. DE LA AV. CIV.,SERVICIO DE SEGURIDAD AEROPORTUARIA,14000,Mayo,2026
DIRECCION DE LA ESCUELA DE SEG. DE LA AV. CIV.,SERVICIO DE SEGURIDAD AEROPORTUARIA,35500,Mayo,2026
DIRECCION DE LA ESCUELA DE SEG. DE LA AV. CIV.,SERVICIO DE SEGURIDAD AEROPORTUARIA,30500,Mayo,2026
DIRECCION DE LA ESCUELA DE SEG. DE LA AV. CIV.,SERVICIO DE SEGURIDAD AEROPORTUARIA,14000,Mayo,2026
DIRECCION DE LA ESCUELA DE SEG. DE LA AV. CIV.,SERVICIO DE SEGURIDAD AEROPORTUARIA,14000,Mayo,2026
DIRECCION DE LA ESCUELA DE SEG. DE LA AV. CIV.,SERVICIO DE SEGURIDAD AEROPORTUARIA,20300,Mayo,2026
DIRECCION DE LA ESCUELA DE SEG. DE LA AV. CIV.,SERVICIO DE SEGURIDAD AEROPORTUARIA,14000,Mayo,2026
DIRECCION DE LA ESCUELA DE SEG. DE LA AV. CIV.,INSTRUCTOR AVSEC,0,Mayo,2026
DIRECCION DE LA ESCUELA DE SEG. DE LA AV. CIV.,INSTRUCTOR AVSEC,0,Mayo,2026
DIRECCION DE LA ESCUELA DE SEG. DE LA AV. CIV.,INSTRUCTOR AVSEC,0,Mayo,2026
DIRECCION DE CONTROL DE CALIDAD AVSEC,DIRECTOR DE CONTROL DE CALIDAD,90000,Mayo,2026
DIRECCION DE CONTROL DE CALIDAD AVSEC,SUB-DIRECTOR CONTR.DE CALIDAD,70000,Mayo,2026
DIRECCION DE CONTROL DE CALIDAD AVSEC,ENC. DEPTO. ADMINISTRATIVA,35000,Mayo,2026
DIRECCION DE CONTROL DE CALIDAD AVSEC,ENC. DEPTO. ANALISIS Y CONTROL AVSEC,35000,Mayo,2026
DIRECCION DE CONTROL DE CALIDAD AVSEC,ENC. DEPTO. DE INSPECTORES NACIONALES AVSEC,35000,Mayo,2026
DIRECCION DE CONTROL DE CALIDAD AVSEC,ENC. DEPTO. PROGRAMACION AVSEC,35000,Mayo,2026
DIRECCION DE CONTROL DE CALIDAD AVSEC,ENC. DIV. DE ACTIVIDADES NO PROGRAMADAS,25000,Mayo,2026
DIRECCION DE CONTROL DE CALIDAD AVSEC,ENC. DIV. DE COORDINACION Y SIGUIM. AVSEC,28000,Mayo,2026
DIRECCION DE CONTROL DE CALIDAD AVSEC,ENC. DIV. DE SUP. Y COORD. DE ACTIV. DE CONTROL,28000,Mayo,2026
DIRECCION DE CONTROL DE CALIDAD AVSEC,ENC. SECC. DE DIGITALIZACION Y ARCHIVO,15000,Mayo,2026
DIRECCION DE CONTROL DE CALIDAD AVSEC,ENC. SECC. DE DOCUMT. Y REGISTRO,15000,Mayo,2026
DIRECCION DE CONTROL DE CALIDAD AVSEC,ENC. SECC. DE ENTRENAMIENTO,28000,Mayo,2026
DIRECCION DE CONTROL DE CALIDAD AVSEC,ENC. SECC. DE RECOPILACION Y ANALISI DE INFORMACION,28000,Mayo,2026
DIRECCION DE CONTROL DE CALIDAD AVSEC,AUX. SECC. SEGUIMIENTO,28000,Mayo,2026
DIRECCION DE CONTROL DE CALIDAD AVSEC,AUX.SECC.LECIONES APREN.AVSEC,28000,Mayo,2026
DIRECCION DE CONTROL DE CALIDAD AVSEC,AUXILIAR DEPTO. ADMINISTRATIVO,10000,Mayo,2026
DIRECCION DE CONTROL DE CALIDAD AVSEC,INSPECTOR NACIONAL,28000,Mayo,2026
DIRECCION DE CONTROL DE CALIDAD AVSEC,INSPECTOR NACIONAL,28000,Mayo,2026
DIRECCION DE CONTROL DE CALIDAD AVSEC,INSPECTOR NACIONAL,28000,Mayo,2026
DIRECCION DE CONTROL DE CALIDAD AVSEC,INSPECTOR NACIONAL,28000,Mayo,2026
DIRECCION DE CONTROL DE CALIDAD AVSEC,INSPECTOR NACIONAL,28000,Mayo,2026
DIRECCION DE CONTROL DE CALIDAD AVSEC,INSPECTOR NACIONAL,28000,Mayo,2026
DIRECCION DE CONTROL DE CALIDAD AVSEC,INSPECTOR NACIONAL,28000,Mayo,2026
DIRECCION DE CONTROL DE CALIDAD AVSEC,INSPECTOR NACIONAL,28000,Mayo,2026
DIRECCION DE CONTROL DE CALIDAD AVSEC,DOCUMENTOS Y REGISTRO,15000,Mayo,2026
DIRECCION DE ACREDITACION Y CERTIFICACION,DIRECTOR DE ACREDITACION Y CERTIFICACION,90000,Mayo,2026
DIRECCION DE ACREDITACION Y CERTIFICACION,SUB-DIRECTOR DE ACREDITACION Y CERTIFICACION,70000,Mayo,2026
DIRECCION DE ACREDITACION Y CERTIFICACION,ENC. DEPTO DE CERTIFICACION,35000,Mayo,2026
DIRECCION DE ACREDITACION Y CERTIFICACION,ENC. DEPTO. DE ACREDITACION,35000,Mayo,2026
DIRECCION DE ACREDITACION Y CERTIFICACION,ENC. DEPTO. REV. Y ANALIS. PSEA,35000,Mayo,2026
DIRECCION DE ACREDITACION Y CERTIFICACION,ENC. DIV. DE CONTROL DOCUMENTACION Y SOLICITUDES,25000,Mayo,2026
DIRECCION DE ACREDITACION Y CERTIFICACION,ENC. DIV. ADMINISTRATIVA,25000,Mayo,2026
DIRECCION DE ACREDITACION Y CERTIFICACION,ENC. DIV. DE ACREDITACION,25000,Mayo,2026
DIRECCION DE ACREDITACION Y CERTIFICACION,ENC. DIV. DE EMISION DE LICENCIA,25000,Mayo,2026
DIRECCION DE ACREDITACION Y CERTIFICACION,ENC. DIV. DE EVALUACION DE CERTIFICACION DEL PERSONAL AVSEC,25000,Mayo,2026
DIRECCION DE ACREDITACION Y CERTIFICACION,ENC. DIV. DE REVISION Y ANALI. PSEA,25000,Mayo,2026
DIRECCION DE ACREDITACION Y CERTIFICACION,ENC. DIV. REGISTRO Y CONTROL DOCUME,25000,Mayo,2026
DIRECCION DE ACREDITACION Y CERTIFICACION,ENC. SECC. DE EMISION DE LICENCIA,21500,Mayo,2026
DIRECCION DE ACREDITACION Y CERTIFICACION,ENC. SECC. DE PROGRAMACION CERTIFICACION AVSEC,32650,Mayo,2026
DIRECCION DE ACREDITACION Y CERTIFICACION,ENC. SECC. DE REGISTRO Y CONTROL DE EXAMENES,25000,Mayo,2026
DIRECCION DE ACREDITACION Y CERTIFICACION,ENC. SECC. DE REVISION DE PROGRA. DE SEG,21500,Mayo,2026
DIRECCION DE ACREDITACION Y CERTIFICACION,"ENC. SECC. DE VERIFICACION DE INSTALACIONES, PROCEDIM",25000,Mayo,2026
DIRECCION DE ACREDITACION Y CERTIFICACION,ENC. SECC. EVALUACION DE ACREDITACION,25000,Mayo,2026
DIRECCION DE ACREDITACION Y CERTIFICACION,ENC. SECC. REGISTRO Y CONTROL DE BASE DE DATOS,32650,Mayo,2026
DIRECCION DE ACREDITACION Y CERTIFICACION,ENC. SECC. SEGUIMIENTO,21500,Mayo,2026
DIRECCION DE ACREDITACION Y CERTIFICACION,AUXI. DE DIV. DE EVALUACION DE CERTIFICACION,30000,Mayo,2026
DIRECCION DE ACREDITACION Y CERTIFICACION,AUXI. DE DIV. DE EVALUACION DE CERTIFICACION,30000,Mayo,2026
DIRECCION DE ACREDITACION Y CERTIFICACION,AUXI. DIV. DE REGISTRO Y CONTROL DE DOCUMENTOS,30000,Mayo,2026
DIRECCION DE ACREDITACION Y CERTIFICACION,AUXI. DIV. REVISION Y ANALISIS PROG. PSEA,21500,Mayo,2026
DIRECCION DE ACREDITACION Y CERTIFICACION,AUXILIAR DE LA DIV. REVISION Y ANALISIS DE LOS PSEA,30000,Mayo,2026
DIRECCION DE ACREDITACION Y CERTIFICACION,AUXILIAR DIV. DE REGISTRO Y CONTROL DE DOCUMENTOS,25000,Mayo,2026
DIRECCION DE ACREDITACION Y CERTIFICACION,AUXILIAR DIV. REVISION Y ANALISIS PSEA,30000,Mayo,2026
DIRECCION DE ACREDITACION Y CERTIFICACION,AUXILIAR DIV.REVISCION Y ANALISIS PSEA,21500,Mayo,2026
DIRECCION DE ACREDITACION Y CERTIFICACION,AUXILIAR MEDICO,21000,Mayo,2026
DIRECCION DE ACREDITACION Y CERTIFICACION,AUXILIAR SECC. DE EMISION DE LICENCIA DE CERTIF.,21500,Mayo,2026
DIRECCION DE ACREDITACION Y CERTIFICACION,DIGITADOR,25000,Mayo,2026
DIRECCION FINANCIERA,DIRECTOR FINANCIERO,90000,Mayo,2026
DIRECCION FINANCIERA,SUB-DIRECTOR DE CONTABILIDAD,70000,Mayo,2026
DIRECCION FINANCIERA,ENC. DEPTO. DE ADMINISTRATIVO,35000,Mayo,2026
DIRECCION FINANCIERA,ENC. DEPTO. DE FISCALIZACION,35000,Mayo,2026
DIRECCION FINANCIERA,ENC. DEPTO. DE PRESUPUESTO,35000,Mayo,2026
DIRECCION FINANCIERA,ENC. DIV. CUENTAS POR COBRAR,25000,Mayo,2026
DIRECCION FINANCIERA,ENC. DIV. DE CUENTA POR PAGAR,25000,Mayo,2026
DIRECCION FINANCIERA,ENC. DIV. DE FISCALIZACION,25000,Mayo,2026
DIRECCION FINANCIERA,ENC. DIV. DE TESORERIA,25000,Mayo,2026
DIRECCION FINANCIERA,ENC. SECC. DE CAJA CENTRAL,15000,Mayo,2026
DIRECCION FINANCIERA,AUXILIAR DE CONTABILIDAD,25000,Mayo,2026
DIRECCION FINANCIERA,SERVICIO DE SEGURIDAD AEROPORTUARIA,35000,Mayo,2026
DIRECCION FINANCIERA,SERVICIO DE SEGURIDAD AEROPORTUARIA,25000,Mayo,2026
DIRECCION FINANCIERA,SERVICIO DE SEGURIDAD AEROPORTUARIA,0,Mayo,2026
DIRECCION DE INTELIGENCIA,DIRECTOR DE INTELIGENCIA,90000,Mayo,2026
DIRECCION DE INTELIGENCIA,SUB-DIRECTOR DE OPERACIONES DE INTELIGENCIA,70000,Mayo,2026
DIRECCION DE INTELIGENCIA,ENC. DEPTO. ADMINISTRATIVA,35000,Mayo,2026
DIRECCION DE INTELIGENCIA,ENC. DEPTO. DEPURACION Y VALIDACION,35000,Mayo,2026
DIRECCION DE INTELIGENCIA,ENC. DEPTO. EVALUACION DE LA AMENAZA Y RIESGO,35000,Mayo,2026
DIRECCION DE INTELIGENCIA,ENC. DIV. DE CONTRAINTELIGENCIA Y MANEJO DE FUENTES,25000,Mayo,2026
DIRECCION DE INTELIGENCIA,ENC. DIV. DE EVALUACION,25000,Mayo,2026
DIRECCION DE INTELIGENCIA,ENC. DIV. DE INTELIGENCIA,25000,Mayo,2026
DIRECCION DE INTELIGENCIA,ENC. DIV. DE RECOPILACION DE INFORMACION,25000,Mayo,2026
DIRECCION DE INTELIGENCIA,ENC. DIV. DE VALIDACION,25000,Mayo,2026
DIRECCION DE INTELIGENCIA,ENC. DIV. DEPURACION Y BASES DE DATOS,25000,Mayo,2026
DIRECCION DE INTELIGENCIA,ENC. SECC. DE ANALISIS,15000,Mayo,2026
DIRECCION DE INTELIGENCIA,ENC. SECC. DE BASES DE DATOS,30000,Mayo,2026
DIRECCION DE INTELIGENCIA,ENC. SECC. DE DEPURACION,25000,Mayo,2026
DIRECCION DE INTELIGENCIA,ENC. SECC. DE DEPURACION,15000,Mayo,2026
DIRECCION DE INTELIGENCIA,ENC. SECC. DE ESTADISTICA,15000,Mayo,2026
DIRECCION DE INTELIGENCIA,ENC. SECC. DE EVALUACION DE LA AMENAZA,25000,Mayo,2026
DIRECCION DE INTELIGENCIA,ENC. SECC. DE INVESTIGACIONES,15000,Mayo,2026
DIRECCION DE INTELIGENCIA,ENC. SECC. DE PUNTO DE CONTACTO,15000,Mayo,2026
DIRECCION DE INTELIGENCIA,ENC. SECC. DE VALIDACION,30000,Mayo,2026
DIRECCION DE INTELIGENCIA,AUX. ENC. SECC. PUNTO CONTACTO,25000,Mayo,2026
DIRECCION DE INTELIGENCIA,AUXILIAR DE INTELIGENCIA TERMINAL A,25000,Mayo,2026
DIRECCION DE INTELIGENCIA,AUXILIAR DE LA SECC. DE VALIDACION,30000,Mayo,2026
DIRECCION DE INTELIGENCIA,AUXILIAR DE SECC. DE EVALUACION,30000,Mayo,2026
DIRECCION DE INTELIGENCIA,AUXILIAR DE VALIDACION,14000,Mayo,2026
DIRECCION DE INTELIGENCIA,AUXILIAR SECC. DE ESTADISTICA,25000,Mayo,2026
DIRECCION DE INTELIGENCIA,AUXILIAR SECC. DE PUNTO DE CONTACTO,14000,Mayo,2026
DIRECCION DE INTELIGENCIA,AUXILIAR SECC. DE PUNTO DE CONTACTO,30000,Mayo,2026
DIRECCION DE INTELIGENCIA,AUXILIAR SECC. DE VIGILACIA Y MONITOREO ELECTRONICO,30000,Mayo,2026
DIRECCION DE INTELIGENCIA,AUXILIAR SECC. DE VIGILANCIA Y MONITOREO ELECTRONICO,25000,Mayo,2026
DIRECCION DE INTELIGENCIA,AUXILIAR SECC. VIGILANCIA Y MONITOREO ELECTRICO,25000,Mayo,2026
DIRECCION DE INTELIGENCIA,AUXILIAR SUB-DIRECCION DE INTELIGENCIA,14000,Mayo,2026
DIRECCION DE INTELIGENCIA,ENLACE ENTRE J-2 Y EL CESAC,15000,Mayo,2026
DIRECCION DE INTELIGENCIA,CHOFER NIVEL 1 (VEHICULOS PESADOS Y TRANSPORTE COLECTIVO),20000,Mayo,2026
DIRECCION DE INTELIGENCIA,SERVICIO DE SEG. AEROPORTUARIA,14000,Mayo,2026
DIRECCION DE INTELIGENCIA,SERVICIO DE SEG. AEROPORTUARIA,14000,Mayo,2026
DIRECCION DE INTELIGENCIA,SERVICIO DE SEGURIDAD AEROPORTUARIA,25000,Mayo,2026
DIRECCION DE INTELIGENCIA,SERVICIO DE SEGURIDAD AEROPORTUARIA,21000,Mayo,2026
DIRECCION DE INTELIGENCIA,SERVICIO DE SEGURIDAD AEROPORTUARIA,14000,Mayo,2026
DIRECCION DE INTELIGENCIA,SERVICIO DE SEGURIDAD AEROPORTUARIA,14000,Mayo,2026
DIRECCION DE INTELIGENCIA,SERVICIO DE SEGURIDAD AEROPORTUARIA,14000,Mayo,2026
DIRECCION DE INTELIGENCIA,SERVICIO DE SEGURIDAD AEROPORTUARIA,25000,Mayo,2026
DIRECCION DE INTELIGENCIA,SERVICIO DE SEGURIDAD AEROPORTUARIA,30000,Mayo,2026
DIRECCION DE INTELIGENCIA,SERVICIO DE SEGURIDAD AEROPORTUARIA,30000,Mayo,2026
DIRECCION DE ASUNTOS INTERNOS,DIRECTOR DE ASUNTOS INTERNOS,90000,Mayo,2026
DIRECCION DE ASUNTOS INTERNOS,SUB-DIRECTOR DE ASUNTOS INTERNOS,70000,Mayo,2026
DIRECCION DE ASUNTOS INTERNOS,ENC. DEPTO. ADMINISTRATIVA,35000,Mayo,2026
DIRECCION DE ASUNTOS INTERNOS,ENC. DEPTO. DE INVESTIGACION,35000,Mayo,2026
DIRECCION DE ASUNTOS INTERNOS,ENC. SECC. CORRESPONDENCIA Y ARCHIVO,30000,Mayo,2026
DIRECCION DE ASUNTOS INTERNOS,ENC. SECC. DE CASOS INTERNOS,25000,Mayo,2026
DIRECCION DE ASUNTOS INTERNOS,AUXILIAR OFICIAL DE CASOS INTERINSTITUCIONALES,17500,Mayo,2026
DIRECCION DE ASUNTOS INTERNOS,DIGITADORA,15000,Mayo,2026
DIRECCION DE ASUNTOS INTERNOS,OFICIAL DE CASOS INTERINSTITUCIONALES,15000,Mayo,2026
DIRECCION DE RELACIONES PUBLICAS,DIRECTOR DE RELACIONES PUBLICAS,90000,Mayo,2026
DIRECCION DE RELACIONES PUBLICAS,SUB-DIRECTOR DE RELACIONES PUBLICAS,70000,Mayo,2026
DIRECCION DE RELACIONES PUBLICAS,ENC. DEPTO. ADMINISTRATIVA,35000,Mayo,2026
DIRECCION DE RELACIONES PUBLICAS,ENC. DEPTO. DE IMAGEN INSTITUCIONAL,35000,Mayo,2026
DIRECCION DE RELACIONES PUBLICAS,"ENC. DIV. DE SERVICIO AL CLIENTE, PROTOCOLO Y EVENTOS",25000,Mayo,2026
DIRECCION DE RELACIONES PUBLICAS,ENC. DIV. EVALU. SATIF. DEL CLIENTE,35000,Mayo,2026
DIRECCION DE RELACIONES PUBLICAS,ENC. SECC. DE PRENSA,15000,Mayo,2026
DIRECCION DE RELACIONES PUBLICAS,AUXILIAR DE PROTOCOLO,12000,Mayo,2026
DIRECCION DE RELACIONES PUBLICAS,AUXILIAR DE PROTOCOLO,12500,Mayo,2026
DIRECCION DE RELACIONES PUBLICAS,AUXILIAR DE PROTOCOLO,12500,Mayo,2026
DIRECCION DE RELACIONES PUBLICAS,AUXILIAR DE PROTOCOLO Y EVENTOS,14000,Mayo,2026
DIRECCION DE RELACIONES PUBLICAS,AUXILIAR DE PROTOCOLO Y EVENTOS,14000,Mayo,2026
DIRECCION DE RELACIONES PUBLICAS,AUXILIAR DE PROTOCOLO Y EVENTOS,14000,Mayo,2026
DIRECCION DE RELACIONES PUBLICAS,EDITOR AUDIOVISUAL,20500,Mayo,2026
DIRECCION DE RELACIONES PUBLICAS,EDITORA AUDIOVISUAL,15000,Mayo,2026
DIRECCION DE RELACIONES PUBLICAS,ENC. DIV. DE PRENSA Y PUBLICIDAD,25000,Mayo,2026
DIRECCION DE DOCTRINA Y ENLACE EXTERIOR,DIRECTOR DE DOCTRINA Y ENLACE EXTERIOR,90000,Mayo,2026
DIRECCION DE DOCTRINA Y ENLACE EXTERIOR,SUB-DIRECTOR DE DOCTRINA Y ENLACE EXTERIOR,70000,Mayo,2026
DIRECCION DE DOCTRINA Y ENLACE EXTERIOR,ENC. DEPTO. ADMINISTRATIVA,35000,Mayo,2026
DIRECCION DE DOCTRINA Y ENLACE EXTERIOR,ENC. DIV. ASUNTO INTERINST. E INTERNACIONALES,25000,Mayo,2026
DIRECCION DE DOCTRINA Y ENLACE EXTERIOR,ENC. DIV. DE DOCTRINA,25000,Mayo,2026
DIRECCION DE DOCTRINA Y ENLACE EXTERIOR,ENC. DIV. DE DOCTRINA,15000,Mayo,2026
DIRECCION DE DOCTRINA Y ENLACE EXTERIOR,ENC.PLAN COMUNIC. NORMA ISO,24000,Mayo,2026
DIRECCION DE DOCTRINA Y ENLACE EXTERIOR,SERVICIO DE SEGURIDAD AEROPORTUARIA,7200,Mayo,2026
DIRECCION ADMINISTRATIVA,DIRECTOR ADMINISTRATIVO,90000,Mayo,2026
DIRECCION ADMINISTRATIVA,SUB-DIRECTOR ADMINISTRATIVO,70000,Mayo,2026
DIRECCION ADMINISTRATIVA,SUB-DIRECTOR DE COMPRAS,70000,Mayo,2026
DIRECCION ADMINISTRATIVA,SUB-DIRECTOR DE TRANSPORTACION,70000,Mayo,2026
DIRECCION ADMINISTRATIVA,ENC. DEPTO. ADMINISTRATIVA,35000,Mayo,2026
DIRECCION ADMINISTRATIVA,ENC. DEPTO. DE ABASTECIMIENTO,35000,Mayo,2026
DIRECCION ADMINISTRATIVA,ENC. DEPTO. DE CONTROL PROPIEDADES,35000,Mayo,2026
DIRECCION ADMINISTRATIVA,ENC. DIV. DE ALMACEN,25000,Mayo,2026
DIRECCION ADMINISTRATIVA,ENC. DIV. DE COMBUSTIBLE Y LIBRUCANTES,25000,Mayo,2026
DIRECCION ADMINISTRATIVA,ENC. DIV. DE COMPRAS,25000,Mayo,2026
DIRECCION ADMINISTRATIVA,ENC. DIV. DE LAVANDERIA,25000,Mayo,2026
DIRECCION ADMINISTRATIVA,ENC. SECC. ADMINISTRATIVA,15000,Mayo,2026
DIRECCION ADMINISTRATIVA,ENC. SECC. ADMINISTRATIVA,15000,Mayo,2026
DIRECCION ADMINISTRATIVA,ENC. SECC. DE ARMERIA,15000,Mayo,2026
DIRECCION ADMINISTRATIVA,ENC. SECC. DE CONTRATOS ORDINARIOS,15000,Mayo,2026
DIRECCION ADMINISTRATIVA,ENC. SECC. DE PROPIEDADES,15000,Mayo,2026
DIRECCION ADMINISTRATIVA,ENC. SECC. DE SUMINISTRO DE ALMACEN,15000,Mayo,2026
DIRECCION ADMINISTRATIVA,ENC. SECC. DEL SISTEMA DE ADMINISTRACION DE BIENES (SIAB),15000,Mayo,2026
DIRECCION ADMINISTRATIVA,ENC. SECC. REPARACIONES MANTENIMIENTO,15000,Mayo,2026
DIRECCION ADMINISTRATIVA,ENC.SECC. DE COMPRAS Y LICIT.,45000,Mayo,2026
DIRECCION ADMINISTRATIVA,UNIDAD AUX. DE LAVADO,12500,Mayo,2026
DIRECCION ADMINISTRATIVA,AUXILIAR DE EMPAQUE,30000,Mayo,2026
DIRECCION ADMINISTRATIVA,AUXILIAR DE LAVADO,16000,Mayo,2026
DIRECCION ADMINISTRATIVA,AUXILIAR DE MECANICO,15000,Mayo,2026
DIRECCION ADMINISTRATIVA,AUXILIAR DE RECEP. Y DESPACHO LAVANDERIA,15000,Mayo,2026
DIRECCION ADMINISTRATIVA,AUXILIAR SECC. DE COMPRA,15000,Mayo,2026
DIRECCION ADMINISTRATIVA,ADMINISTRADOR DE REDES Y COM. C-4,45000,Mayo,2026
DIRECCION ADMINISTRATIVA,TECNICO EN REFRIGERACION AUTOMOTRIZ,15000,Mayo,2026
DIRECCION ADMINISTRATIVA,DESABOLLADOR,15000,Mayo,2026
DIRECCION ADMINISTRATIVA,DIGITADOR,25000,Mayo,2026
DIRECCION ADMINISTRATIVA,ASISTENTE DE ALMACEN,15000,Mayo,2026
DIRECCION ADMINISTRATIVA,ASISTENTE DE ALMACEN,30000,Mayo,2026
DIRECCION ADMINISTRATIVA,CHOFER NIVEL 1 ( VEHICULOS PESADOS Y TRANSPORTE COLECTIVO),20000,Mayo,2026
DIRECCION ADMINISTRATIVA,CHOFER NIVEL 1 ( VEHICULOS PESADOS Y TRANSPORTE COLECTIVO),20000,Mayo,2026
DIRECCION ADMINISTRATIVA,CHOFER NIVEL 1 ( VEHICULOS PESADOS Y TRANSPORTE COLECTIVO),20000,Mayo,2026
DIRECCION ADMINISTRATIVA,CHOFER NIVEL 1 ( VEHICULOS PESADOS Y TRANSPORTE COLECTIVO),20000,Mayo,2026
DIRECCION ADMINISTRATIVA,CHOFER NIVEL 1 ( VEHICULOS PESADOS Y TRANSPORTE COLECTIVO),20000,Mayo,2026
DIRECCION ADMINISTRATIVA,CHOFER NIVEL 1 ( VEHICULOS PESADOS Y TRANSPORTE COLECTIVO),20000,Mayo,2026
DIRECCION ADMINISTRATIVA,CHOFER NIVEL 1 ( VEHICULOS PESADOS Y TRANSPORTE COLECTIVO),20000,Mayo,2026
DIRECCION ADMINISTRATIVA,CHOFER NIVEL 1 ( VEHICULOS PESADOS Y TRANSPORTE COLECTIVO),20000,Mayo,2026
DIRECCION ADMINISTRATIVA,CHOFER NIVEL 1 ( VEHICULOS PESADOS Y TRANSPORTE COLECTIVO),20000,Mayo,2026
DIRECCION ADMINISTRATIVA,CHOFER NIVEL 1 (VEHICULOS PESADOS Y TRANSPORTE COLECTIVO),20000,Mayo,2026
DIRECCION ADMINISTRATIVA,CHOFER NIVEL 1 (VEHICULOS PESADOS Y TRANSPORTE COLECTIVO),20000,Mayo,2026
DIRECCION ADMINISTRATIVA,CHOFER NIVEL 1 (VEHICULOS PESADOS Y TRANSPORTE COLECTIVO),20000,Mayo,2026
DIRECCION ADMINISTRATIVA,CHOFER NIVEL 1 (VEHICULOS PESADOS Y TRANSPORTE COLECTIVO),20000,Mayo,2026
DIRECCION ADMINISTRATIVA,CHOFER NIVEL 1 (VEHICULOS PESADOS Y TRANSPORTE COLECTIVO),20000,Mayo,2026
DIRECCION ADMINISTRATIVA,CHOFER NIVEL 1 (VEHICULOS PESADOS Y TRANSPORTE COLECTIVO),25000,Mayo,2026
DIRECCION ADMINISTRATIVA,CHOFER NIVEL 1 (VEHICULOS PESADOS Y TRANSPORTE COLECTIVO),20000,Mayo,2026
DIRECCION ADMINISTRATIVA,CHOFER NIVEL 1 (VEHICULOS PESADOS Y TRANSPORTE COLECTIVO),20000,Mayo,2026
DIRECCION ADMINISTRATIVA,CHOFER NIVEL 1 (VEHICULOS PESADOS Y TRANSPORTE COLECTIVO),20000,Mayo,2026
DIRECCION ADMINISTRATIVA,CHOFER NIVEL 1 (VEHICULOS PESADOS Y TRANSPORTE COLECTIVO),20000,Mayo,2026
DIRECCION ADMINISTRATIVA,CHOFER NIVEL 1 (VEHICULOS PESADOS Y TRANSPORTE COLECTIVO),20000,Mayo,2026
DIRECCION ADMINISTRATIVA,CHOFER NIVEL 1 (VEHICULOS PESADOS Y TRANSPORTE COLECTIVO),20000,Mayo,2026
DIRECCION ADMINISTRATIVA,CHOFER NIVEL 1 (VEHICULOS PESADOS Y TRANSPORTE COLECTIVO),20000,Mayo,2026
DIRECCION ADMINISTRATIVA,CHOFER NIVEL 1 (VEHICULOS PESADOS Y TRANSPORTE COLECTIVO),20000,Mayo,2026
DIRECCION ADMINISTRATIVA,CHOFER NIVEL 1 (VEHICULOS PESADOS Y TRANSPORTE COLECTIVO),20000,Mayo,2026
DIRECCION ADMINISTRATIVA,CHOFER NIVEL 1 (VEHICULOS PESADOS Y TRANSPORTE COLECTIVO),20000,Mayo,2026
DIRECCION ADMINISTRATIVA,CHOFER NIVEL 1 (VEHICULOS PESADOS Y TRANSPORTE COLECTIVO),20000,Mayo,2026
DIRECCION ADMINISTRATIVA,CHOFER NIVEL 1 (VEHICULOS PESADOS Y TRANSPORTE COLECTIVO),20000,Mayo,2026
DIRECCION ADMINISTRATIVA,CHOFER NIVEL 1 (VEHICULOS PESADOS Y TRANSPORTE COLECTIVO),20000,Mayo,2026
DIRECCION ADMINISTRATIVA,CHOFER NIVEL 1 (VEHICULOS PESADOS Y TRANSPORTE COLECTIVO),20000,Mayo,2026
DIRECCION ADMINISTRATIVA,CHOFER NIVEL 1 (VEHICULOS PESADOS Y TRANSPORTE COLECTIVO),20000,Mayo,2026
DIRECCION ADMINISTRATIVA,CHOFER NIVEL 1 (VEHICULOS PESADOS Y TRANSPORTE COLECTIVO),20000,Mayo,2026
DIRECCION ADMINISTRATIVA,CHOFER NIVEL 1 (VEHICULOS PESADOS Y TRANSPORTE COLECTIVO),20000,Mayo,2026
DIRECCION ADMINISTRATIVA,CHOFER NIVEL 1 (VEHICULOS PESADOS Y TRANSPORTE COLECTIVO),20000,Mayo,2026
DIRECCION ADMINISTRATIVA,CHOFER NIVEL 2 (VEHICULOS LIVIANOS),18500,Mayo,2026
DIRECCION ADMINISTRATIVA,CHOFER NIVEL 2 (VEHICULOS LIVIANOS),20000,Mayo,2026
DIRECCION ADMINISTRATIVA,LAVADOR DE VEHICULOS,15000,Mayo,2026
DIRECCION ADMINISTRATIVA,ARMERO,10000,Mayo,2026
DIRECCION ADMINISTRATIVA,SERVICIO DE SEGURIDAD AEROPORTUARIA,10000,Mayo,2026
DIRECCION ADMINISTRATIVA,SERVICIO DE SEGURIDAD AEROPORTUARIA,15000,Mayo,2026
DIRECCION ADMINISTRATIVA,SERVICIO DE SEGURIDAD AEROPORTUARIA,10000,Mayo,2026
DIRECCION ADMINISTRATIVA,SERVICIO DE SEGURIDAD AEROPORTUARIA,0,Mayo,2026
DIRECCION DEL CUERPO MEDICO,DIRECTOR CUERPO MEDICO,90000,Mayo,2026
DIRECCION DEL CUERPO MEDICO,SUB-DIRECTOR DE PRUEBA DE DOPAJE,70000,Mayo,2026
DIRECCION DEL CUERPO MEDICO,SUB-DIRECTOR DEL CUERPO MEDICO,70000,Mayo,2026
DIRECCION DEL CUERPO MEDICO,ENC. DEPTO. ADMINISTRATIVA,35000,Mayo,2026
DIRECCION DEL CUERPO MEDICO,ENC. DEPTO. DE ODONTOLOGIA,35000,Mayo,2026
DIRECCION DEL CUERPO MEDICO,ENC. DEPTO. DE PSICOLOGIA,35000,Mayo,2026
DIRECCION DEL CUERPO MEDICO,ENC. DIV. DE PSICOLOGIA CLINICA,25000,Mayo,2026
DIRECCION DEL CUERPO MEDICO,ENC. DIV. DE PSICOLOGIA INDUSTRIAL,25000,Mayo,2026
DIRECCION DEL CUERPO MEDICO,ENC. DIV. DE SERVICIO MEDICO,25000,Mayo,2026
DIRECCION DEL CUERPO MEDICO,ENC. DIV. ESPECIALISTA ODONTOLOGICAS,25000,Mayo,2026
DIRECCION DEL CUERPO MEDICO,ENC. DIV. SALUD AMBIENTAL,25000,Mayo,2026
DIRECCION DEL CUERPO MEDICO,ENC. SECC. DE CONTABILIDAD,15000,Mayo,2026
DIRECCION DEL CUERPO MEDICO,ENC. SECC. DE COORD. DE ASUNTO DENTAL,15000,Mayo,2026
DIRECCION DEL CUERPO MEDICO,ENC. SECC. DE CORRESPONDENCIA Y ARCHIVO,15000,Mayo,2026
DIRECCION DEL CUERPO MEDICO,ENC. SECC. DE CORRESPONDENCIA Y ARCHIVO,15000,Mayo,2026
DIRECCION DEL CUERPO MEDICO,ENC. SECC. DE ENFERMERIA,15000,Mayo,2026
DIRECCION DEL CUERPO MEDICO,ENC. SECC. DEL CUERPO MEDICO,15000,Mayo,2026
DIRECCION DEL CUERPO MEDICO,AUIX. SECC. PSICOLOGIA CLINICA,20300,Mayo,2026
DIRECCION DEL CUERPO MEDICO,AUXI. DEPTO. DE ODONTOLOGIA,10000,Mayo,2026
DIRECCION DEL CUERPO MEDICO,AUXI. DEPTO. PRUEBA DE DOPAJE,13500,Mayo,2026
DIRECCION DEL CUERPO MEDICO,AUXI. DIV. PSICOLOGIA INDUSTRIAL,21500,Mayo,2026
DIRECCION DEL CUERPO MEDICO,AUXILIAR DE DIV. DE ODONTOLOGIA,12500,Mayo,2026
DIRECCION DEL CUERPO MEDICO,AUXILIAR DE ENFERMERIA,25000,Mayo,2026
DIRECCION DEL CUERPO MEDICO,AUXILIAR DE ENFERMERIA,12500,Mayo,2026
DIRECCION DEL CUERPO MEDICO,AUXILIAR DE ENFERMERIA,25000,Mayo,2026
DIRECCION DEL CUERPO MEDICO,AUXILIAR DE ENFERMERIA,30000,Mayo,2026
DIRECCION DEL CUERPO MEDICO,AUXILIAR DE ENFERMERIA,30000,Mayo,2026
DIRECCION DEL CUERPO MEDICO,AUXILIAR DE ENFERMERIA,30000,Mayo,2026
DIRECCION DEL CUERPO MEDICO,AUXILIAR DE ENFERMERIA,30000,Mayo,2026
DIRECCION DEL CUERPO MEDICO,AUXILIAR DE ENFERMERIA,13500,Mayo,2026
DIRECCION DEL CUERPO MEDICO,AUXILIAR DE ODONTOLOGIA,20300,Mayo,2026
DIRECCION DEL CUERPO MEDICO,AUXILIAR DE ODONTOLOGIA,10000,Mayo,2026
DIRECCION DEL CUERPO MEDICO,AUXILIAR DE ODONTOLOGIA,13500,Mayo,2026
DIRECCION DEL CUERPO MEDICO,AUXILIAR DE ODONTOLOGIA,20000,Mayo,2026
DIRECCION DEL CUERPO MEDICO,AUXILIAR DE ODONTOLOGIA,20300,Mayo,2026
DIRECCION DEL CUERPO MEDICO,AUXILIAR DE ODONTOLOGIA,35000,Mayo,2026
DIRECCION DEL CUERPO MEDICO,AUXILIAR DE PSICOLOGIA,25000,Mayo,2026
DIRECCION DEL CUERPO MEDICO,AUXILIAR DE SUB-DIRECCION DE PRUEBA DE DOPAJE,25000,Mayo,2026
DIRECCION DEL CUERPO MEDICO,AUXILIAR DE SUB-DIRECCION DE PRUEBA DE DOPAJE,12500,Mayo,2026
DIRECCION DEL CUERPO MEDICO,AUXILIAR DEL DEPTO. DE PSICOLOGIA,20300,Mayo,2026
DIRECCION DEL CUERPO MEDICO,AUXILIAR DEPARTAMENTO DE PRUEBA DE DOPAJES,13500,Mayo,2026
DIRECCION DEL CUERPO MEDICO,AUXILIAR DEPTO. DE PSICOLOGIA,15000,Mayo,2026
DIRECCION DEL CUERPO MEDICO,AUXILIAR DIV. PSICOLOGIA,30000,Mayo,2026
DIRECCION DEL CUERPO MEDICO,AUXILIAR DIV. PSICOLOGO INDUSTRIAL,21500,Mayo,2026
DIRECCION DEL CUERPO MEDICO,AUXILIAR DIV. PSICOLOGO INDUSTRIAL,20000,Mayo,2026
DIRECCION DEL CUERPO MEDICO,AUXILIAR MEDICO,10000,Mayo,2026
DIRECCION DEL CUERPO MEDICO,AUXILIAR MEDICO,30000,Mayo,2026
DIRECCION DEL CUERPO MEDICO,AUXILIAR MEDICO,20300,Mayo,2026
DIRECCION DEL CUERPO MEDICO,AUXILIAR PSICOLOGIA CLINICA,25000,Mayo,2026
DIRECCION DEL CUERPO MEDICO,AUXILIAR VERIFICADOR DE PRUEBAS DE DOPAJES,15000,Mayo,2026
DIRECCION DEL CUERPO MEDICO,INSTRUCTOR AVSEC,21000,Mayo,2026
DIRECCION DEL CUERPO MEDICO,MEDICO,10000,Mayo,2026
DIRECCION DEL CUERPO MEDICO,MEDICO DE SERV. SEDE PRINCIPAL,10000,Mayo,2026
DIRECCION DEL CUERPO MEDICO,MEDICO DE SERV. SEDE PRINCIPAL,20300,Mayo,2026
DIRECCION DEL CUERPO MEDICO,MEDICO DE SERV. SEDE PRINCIPAL,20300,Mayo,2026
DIRECCION DEL CUERPO MEDICO,MEDICO DE SERV. SEDE PRINCIPAL,20300,Mayo,2026
DIRECCION DEL CUERPO MEDICO,MEDICO DE SERV. SEDE PRINCIPAL,20300,Mayo,2026
DIRECCION DEL CUERPO MEDICO,MEDICO DE SERV. SEDE PRINCIPAL,10000,Mayo,2026
DIRECCION DEL CUERPO MEDICO,MEDICO DE SERV. SEDE PRINCIPAL,12000,Mayo,2026
DIRECCION DEL CUERPO MEDICO,ODONTOLOGIA,13500,Mayo,2026
DIRECCION DEL CUERPO MEDICO,ODONTOLOGO,10000,Mayo,2026
DIRECCION DEL CUERPO MEDICO,ODONTOLOGO,10000,Mayo,2026
DIRECCION DEL CUERPO MEDICO,ODONTOLOGO,10000,Mayo,2026
DIRECCION DEL CUERPO MEDICO,ODONTOLOGO(A),20000,Mayo,2026
DIRECCION DEL CUERPO MEDICO,VERIFICADO DE PRUEBA DE DOPAJE,15000,Mayo,2026
DIRECCION DEL CUERPO MEDICO,VERIFICADO DE PRUEBA DE DOPAJE,20000,Mayo,2026
DIRECCION DEL CUERPO MEDICO,VERIFICADOR DE LA SUB-DIRECCION DE DOPAJES,30000,Mayo,2026
DIRECCION DEL CUERPO MEDICO,VERIFICADOR DE PRUEBA DE DOPAJES,15000,Mayo,2026
DIRECCION DEL CUERPO MEDICO,VERIFICADOR DE PRUEBA DE DOPAJES,15000,Mayo,2026
DIRECCION DEL CUERPO MEDICO,VERIFICADOR DE PRUEBA DE DOPAJES,15000,Mayo,2026
DIRECCION DEL CUERPO MEDICO,VERIFICADORA DE PRUEBA DE DOPAJES,15000,Mayo,2026
DIRECCION DEL CUERPO MEDICO,PSICOLOGA,30000,Mayo,2026
DIRECCION DEL CUERPO MEDICO,PSICOLOGA,20300,Mayo,2026
DIRECCION DEL CUERPO MEDICO,ENFERMERA,10000,Mayo,2026
DIRECCION DEL CUERPO MEDICO,BIOANALISTA,20300,Mayo,2026
DIRECCION DEL CUERPO MEDICO,ENLACE CESAC Y HOPITAL RAMON DE LARA FARD,15000,Mayo,2026
DIRECCION DEL CUERPO MEDICO,ENLACE ENTRE CESAC Y EL HOSPITAL CENTRAL,15000,Mayo,2026
DIRECCION DEL CUERPO MEDICO,PERSONAL REACCION RAPIDA,25000,Mayo,2026
DIRECCION DEL CUERPO MEDICO,SERV. DE GUARDIA INTERIOR,10000,Mayo,2026
DIRECCION DEL CUERPO MEDICO,SERV. DE GUARDIA INTERIOR,30000,Mayo,2026
DIRECCION DEL CUERPO MEDICO,SERVICIO DE SEGURIDAD AEROPORTUARIA,10000,Mayo,2026
DIRECCION DEL CUERPO MEDICO,SERVICIO DE SEGURIDAD AEROPORTUARIA,10000,Mayo,2026
DIRECCION DEL CUERPO MEDICO,SERVICIO DE SEGURIDAD AEROPORTUARIA,20000,Mayo,2026
DIRECCION DEL CUERPO MEDICO,SERVICIO DE SEGURIDAD AEROPORTUARIA,25000,Mayo,2026
DIRECCION DEL CUERPO MEDICO,SERVICIO DE SEGURIDAD AEROPORTUARIA,25000,Mayo,2026
DIRECCION DEL CUERPO MEDICO,SERVICIO DE SEGURIDAD AEROPORTUARIA,14000,Mayo,2026
DIRECCION DEL CUERPO MEDICO,SERVICIO DE SEGURIDAD AEROPORTUARIA,30000,Mayo,2026
DIRECCION DEL CUERPO MEDICO,SERVICIO DE SEGURIDAD AEROPORTUARIA,12500,Mayo,2026
DIRECCION DEL CUERPO MEDICO,SERVICIO DE SEGURIDAD AEROPORTUARIA,13500,Mayo,2026
DIRECCION DEL CUERPO MEDICO,SERVICIO DE SEGURIDAD AEROPORTUARIA,13500,Mayo,2026
DIRECCION DEL CUERPO MEDICO,SERVICIO DE SEGURIDAD AEROPORTUARIA,20000,Mayo,2026
DIRECCION DISCIPLINARIA,DIRECTOR DISCIPLINARIO,90000,Mayo,2026
DIRECCION DISCIPLINARIA,SUB-DIRECTOR DISCIPLINARIO,70000,Mayo,2026
DIRECCION DISCIPLINARIA,ENC. DEPTO. DE ALIMENTOS Y BEBIDAS,35000,Mayo,2026
DIRECCION DISCIPLINARIA,ENC. DEPTO. DE COCINA,35000,Mayo,2026
DIRECCION DISCIPLINARIA,ENC. DIV. DE ADMINISTRATIVA,25000,Mayo,2026
DIRECCION DISCIPLINARIA,ENC. DIV. DE COCINA,25000,Mayo,2026
DIRECCION DISCIPLINARIA,ENC. DIV. DE GUARDIA INTERIOR,25000,Mayo,2026
DIRECCION DISCIPLINARIA,ENC. DIV. DE SERVICIO GENERALES,25000,Mayo,2026
DIRECCION DISCIPLINARIA,ENC. SECC. DE ARCHIVO,15000,Mayo,2026
DIRECCION DISCIPLINARIA,ENC. SECC. DE BARBERIA,15000,Mayo,2026
DIRECCION DISCIPLINARIA,ENC. SECC. DE GIMNASIO,15000,Mayo,2026
DIRECCION DISCIPLINARIA,ENC. SECC. DE ORNATO,15000,Mayo,2026
DIRECCION DISCIPLINARIA,AUXILIAR DE GIMNASIO,10000,Mayo,2026
DIRECCION DISCIPLINARIA,INSTRUCTOR DE GIMNASIA,10000,Mayo,2026
DIRECCION DISCIPLINARIA,AYUDANTE DE COCINA DE CHEF,15000,Mayo,2026
DIRECCION DISCIPLINARIA,AYUDANTE DE COCINA NIVEL 1,13000,Mayo,2026
DIRECCION DISCIPLINARIA,AYUDANTE DE COCINA NIVEL 1,15500,Mayo,2026
DIRECCION DISCIPLINARIA,AYUDANTE DE COCINA NIVEL 1,13000,Mayo,2026
DIRECCION DISCIPLINARIA,AYUDANTE DE COCINA NIVEL 1,13000,Mayo,2026
DIRECCION DISCIPLINARIA,AYUDANTE DE COCINA NIVEL 1,13000,Mayo,2026
DIRECCION DISCIPLINARIA,AYUDANTE DE COCINA NIVEL 1,15500,Mayo,2026
DIRECCION DISCIPLINARIA,AYUDANTE DE COCINA NIVEL 2,15000,Mayo,2026
DIRECCION DISCIPLINARIA,AYUDANTE DE COCINERO (A),15000,Mayo,2026
DIRECCION DISCIPLINARIA,AYUDANTE DE COCINERO (A),13000,Mayo,2026
DIRECCION DISCIPLINARIA,AYUDANTE DE COCINERO (A),13000,Mayo,2026
DIRECCION DISCIPLINARIA,CAMARERO NIVEL 1,12000,Mayo,2026
DIRECCION DISCIPLINARIA,BARBERO,10000,Mayo,2026
DIRECCION DISCIPLINARIA,BARBERO,13500,Mayo,2026
DIRECCION DISCIPLINARIA,COCINERO (A),18000,Mayo,2026
DIRECCION DISCIPLINARIA,CONSERJE,12500,Mayo,2026
DIRECCION DISCIPLINARIA,CONSERJE,12560,Mayo,2026
DIRECCION DISCIPLINARIA,CONSERJE,12500,Mayo,2026
DIRECCION DISCIPLINARIA,CONSERJE,12500,Mayo,2026
DIRECCION DISCIPLINARIA,CONSERJE,12500,Mayo,2026
DIRECCION DISCIPLINARIA,CONSERJE,12500,Mayo,2026
DIRECCION DISCIPLINARIA,CONSERJE,12500,Mayo,2026
DIRECCION DISCIPLINARIA,CONSERJE,12500,Mayo,2026
DIRECCION DISCIPLINARIA,CONSERJE,12500,Mayo,2026
DIRECCION DISCIPLINARIA,CONSERJE,12500,Mayo,2026
DIRECCION DISCIPLINARIA,CONSERJE,12500,Mayo,2026
DIRECCION DISCIPLINARIA,CONSERJE,12500,Mayo,2026
DIRECCION DISCIPLINARIA,CONSERJE,12500,Mayo,2026
DIRECCION DISCIPLINARIA,REPOSTERA,13630,Mayo,2026
DIRECCION DISCIPLINARIA,"REPOSTERA, COMEDOR P/M",13500,Mayo,2026
DIRECCION DISCIPLINARIA,SERV. DE GUARDIA INTERIOR,15000,Mayo,2026
DIRECCION DISCIPLINARIA,SERV. DE GUARDIA INTERIOR,15000,Mayo,2026
DIRECCION DISCIPLINARIA,SERV. DE GUARDIA INTERIOR,15000,Mayo,2026
DIRECCION DISCIPLINARIA,SERV. DE GUARDIA INTERIOR,15000,Mayo,2026
DIRECCION DISCIPLINARIA,SERVICIO DE GUARDIA INTERIOR,15000,Mayo,2026
DIRECCION DISCIPLINARIA,SERVICIO DE GUARDIA INTERIOR,15000,Mayo,2026
DIRECCION DISCIPLINARIA,SERVICIO DE GUARDIA INTERIOR,15000,Mayo,2026
DIRECCION DISCIPLINARIA,SERVICIO DE GUARDIA INTERIOR,15000,Mayo,2026
DIRECCION DISCIPLINARIA,SERVICIO DE GUARDIA INTERIOR,14000,Mayo,2026
DIRECCION DISCIPLINARIA,SERVICIO GUARDIA INTERIOR,15000,Mayo,2026
DIRECCION DISCIPLINARIA,SERVICIO DE SEG. AEROPORTUARIA,14000,Mayo,2026
DIRECCION DISCIPLINARIA,SERVICIO DE SEGURIDAD AEROPORTUARIA,25000,Mayo,2026
DIRECCION DISCIPLINARIA,SERVICIO DE SEGURIDAD AEROPORTUARIA,20000,Mayo,2026
DIRECCION DISCIPLINARIA,SERVICIO DE SEGURIDAD AEROPORTUARIA,15000,Mayo,2026
DIRECCION DISCIPLINARIA,SERVICIO DE SEGURIDAD AEROPORTUARIA,15000,Mayo,2026
DIRECCION DISCIPLINARIA,SERVICIO DE SEGURIDAD AEROPORTUARIA,15000,Mayo,2026
DIRECCION DISCIPLINARIA,SERVICIO DE SEGURIDAD AEROPORTUARIA,15000,Mayo,2026
DIRECCION DISCIPLINARIA,SERVICIO DE SEGURIDAD AEROPORTUARIA,15000,Mayo,2026
DIRECCION DISCIPLINARIA,SERVICIO DE SEGURIDAD AEROPORTUARIA,15000,Mayo,2026
DIRECCION DISCIPLINARIA,SERVICIO DE SEGURIDAD AEROPORTUARIA,10000,Mayo,2026
DIRECCION DISCIPLINARIA,SERVICIO DE SEGURIDAD AEROPORTUARIA,5000,Mayo,2026
DIRECCION DISCIPLINARIA,SERVICIO DE SEGURIDAD AEROPORTUARIA,15000,Mayo,2026
DIRECCION DISCIPLINARIA,SERVICIO DE SEGURIDAD AEROPORTUARIA,5000,Mayo,2026
DIRECCION DISCIPLINARIA,SERVICIO DE SEGURIDAD AEROPORTUARIA,14000,Mayo,2026
DIRECCION DISCIPLINARIA,SERVICIO DE SEGURIDAD AEROPORTUARIA,25000,Mayo,2026
DIRECCION DISCIPLINARIA,SERVICIO DE SEGURIDAD AEROPORTUARIA,21500,Mayo,2026
DIRECCION DISCIPLINARIA,SERVICIO DE SEGURIDAD AEROPORTUARIA,15000,Mayo,2026
DIRECCION DISCIPLINARIA,SERVICIO DE SEGURIDAD AEROPORTUARIA,25000,Mayo,2026
DIRECCION DISCIPLINARIA,SERVICIO DE SEGURIDAD AEROPORTUARIA,14000,Mayo,2026
DIRECCION DISCIPLINARIA,SERVICIO DE SEGURIDAD AEROPORTUARIA,12500,Mayo,2026
DIRECCION DISCIPLINARIA,SERVICIO DE SEGURIDAD AEROPORTUARIA,30000,Mayo,2026
DIRECCION DISCIPLINARIA,SERVICIO DE SEGURIDAD AEROPORTUARIA,20420,Mayo,2026
DIRECCION DISCIPLINARIA,SERVICIO DE SEGURIDAD AEROPORTUARIA,30000,Mayo,2026
DIRECCION DISCIPLINARIA,SERVICIO DE SEGURIDAD AEROPORTUARIA,35000,Mayo,2026
DIRECCION JURIDICA,DIRECTOR JURIDICO,90000,Mayo,2026
DIRECCION JURIDICA,SUB-DIRECTOR LEGAL AERONAUTICA,70000,Mayo,2026
DIRECCION JURIDICA,SUB-DIRECTORA DE DIRECCION JURIDICA,70000,Mayo,2026
DIRECCION JURIDICA,ENC. DEPTO PENALES,35000,Mayo,2026
DIRECCION JURIDICA,ENC. DEPTO. ADMINISTRATIVA,35000,Mayo,2026
DIRECCION JURIDICA,ENC. DEPTO. DE ANALISI DE EQUIDAD DE GENERO,35000,Mayo,2026
DIRECCION JURIDICA,ENC. DEPTO. DE PROCESOS CIVILES,35000,Mayo,2026
DIRECCION JURIDICA,ENC. DEPTO. PROCESO LEGAL AVSEC,35000,Mayo,2026
DIRECCION JURIDICA,ENC. SECC. DE CORRESPONDENCIA,15000,Mayo,2026
DIRECCION JURIDICA,ENC. SECC. DE DEFENSORIA Y CONCILIACIONES PENALES,30500,Mayo,2026
DIRECCION JURIDICA,ENC. SECC. LEGISLACION INTERNACIONAL,30500,Mayo,2026
DIRECCION JURIDICA,ASESORA LEGAL NIVEL 1,20000,Mayo,2026
DIRECCION JURIDICA,ASESORA LEGAL NIVEL 1,20000,Mayo,2026
DIRECCION JURIDICA,ARCHIVISTA,15000,Mayo,2026
DIRECCION JURIDICA,SERVICIO DE SEGURIDAD AEROPORTUARIA,30000,Mayo,2026
DIRECCION JURIDICA,SERVICIO DE SEGURIDAD AEROPORTUARIA,30000,Mayo,2026
DIRECCION DE TECNOLOGIA DE LA INFORMACION COMUNICACIÓN,DIRECTOR DE TECNOLOGIA DE LA INFORMACION Y COMUNICACIONES,90000,Mayo,2026
DIRECCION DE TECNOLOGIA DE LA INFORMACION COMUNICACIÓN,SUB-DIRECTORA DE TECNOLOGIA DE INFORM. Y COM.,70000,Mayo,2026
DIRECCION DE TECNOLOGIA DE LA INFORMACION COMUNICACIÓN,ENC. DEPTO. ADMINISTRATIVO,35000,Mayo,2026
DIRECCION DE TECNOLOGIA DE LA INFORMACION COMUNICACIÓN,ENC. DEPTO. DE COMUNICACIONES Y ELECTRONICA,35000,Mayo,2026
DIRECCION DE TECNOLOGIA DE LA INFORMACION COMUNICACIÓN,ENC. DIV. ADMINISTRATIVA SERVIDORES,25000,Mayo,2026
DIRECCION DE TECNOLOGIA DE LA INFORMACION COMUNICACIÓN,ENC. DIV. DE INFORMATICA,25000,Mayo,2026
DIRECCION DE TECNOLOGIA DE LA INFORMACION COMUNICACIÓN,ENC. DIV. DE SEGURIDAD DE LA INFORMACION,25000,Mayo,2026
DIRECCION DE TECNOLOGIA DE LA INFORMACION COMUNICACIÓN,ENC. DIV. PROPIEDADES DE COMUNICACION,25000,Mayo,2026
DIRECCION DE TECNOLOGIA DE LA INFORMACION COMUNICACIÓN,ENC. DIV. REDES,25000,Mayo,2026
DIRECCION DE TECNOLOGIA DE LA INFORMACION COMUNICACIÓN,ENC. DIV. SOPORTE TEC.,25000,Mayo,2026
DIRECCION DE TECNOLOGIA DE LA INFORMACION COMUNICACIÓN,ENC. DIVISION DE SOPORTE TECNICO,30000,Mayo,2026
DIRECCION DE TECNOLOGIA DE LA INFORMACION COMUNICACIÓN,ENC. SECC. DE COMUNICACIONES,15000,Mayo,2026
DIRECCION DE TECNOLOGIA DE LA INFORMACION COMUNICACIÓN,ENC. SECC. DE DESARROLLO,15000,Mayo,2026
DIRECCION DE TECNOLOGIA DE LA INFORMACION COMUNICACIÓN,AUXILIAR DE SOPORTE TECNICO,20000,Mayo,2026
DIRECCION DE TECNOLOGIA DE LA INFORMACION COMUNICACIÓN,AUXILIAR DE SOPORTE TECNICO,17000,Mayo,2026
DIRECCION DE TECNOLOGIA DE LA INFORMACION COMUNICACIÓN,AUXILIAR DE SOPORTE TECNICO,15000,Mayo,2026
DIRECCION DE TECNOLOGIA DE LA INFORMACION COMUNICACIÓN,AUXILIAR DIV. DE SOPORTE TECNICO,20000,Mayo,2026
DIRECCION DE TECNOLOGIA DE LA INFORMACION COMUNICACIÓN,INSTRUCTOR DE INFORMATICA,23000,Mayo,2026
DIRECCION DE TECNOLOGIA DE LA INFORMACION COMUNICACIÓN,ADMINISTRADOR DE REDES Y COM. C-4,45000,Mayo,2026
DIRECCION DE TECNOLOGIA DE LA INFORMACION COMUNICACIÓN,ADMINISTRADOR DE REDES Y COM. C-4,45000,Mayo,2026
DIRECCION DE TECNOLOGIA DE LA INFORMACION COMUNICACIÓN,ADMINISTRADOR DE REDES Y COM. C-4,45000,Mayo,2026
DIRECCION DE TECNOLOGIA DE LA INFORMACION COMUNICACIÓN,ADMINISTRADOR DE REDES Y COM. C-4,45000,Mayo,2026
DIRECCION DE TECNOLOGIA DE LA INFORMACION COMUNICACIÓN,ADMINISTRADOR DE REDES Y COM. C-4,45000,Mayo,2026
DIRECCION DE TECNOLOGIA DE LA INFORMACION COMUNICACIÓN,ADMINISTRADOR DE REDES Y COM. C-4,45000,Mayo,2026
DIRECCION DE TECNOLOGIA DE LA INFORMACION COMUNICACIÓN,ADMINISTRADOR DE REDES Y COM. C-4,45000,Mayo,2026
DIRECCION DE TECNOLOGIA DE LA INFORMACION COMUNICACIÓN,ADMINISTRADOR DE REDES Y COM. C-4,45000,Mayo,2026
DIRECCION DE TECNOLOGIA DE LA INFORMACION COMUNICACIÓN,ADMINISTRADOR DE REDES Y COM. C-4,45000,Mayo,2026
DIRECCION DE TECNOLOGIA DE LA INFORMACION COMUNICACIÓN,ADMINISTRADORA DE REDES Y COMUNICACIÓN DEL C-4,45000,Mayo,2026
DIRECCION DE TECNOLOGIA DE LA INFORMACION COMUNICACIÓN,TEC.SIST.VID.VIG.Y CENT.TEL.C4,45000,Mayo,2026
DIRECCION DE TECNOLOGIA DE LA INFORMACION COMUNICACIÓN,TECNICO PROGRAMADOR,30000,Mayo,2026
DIRECCION DE TECNOLOGIA DE LA INFORMACION COMUNICACIÓN,TECNICA ESPECIALISTA EN REDES,35000,Mayo,2026
DIRECCION DE TECNOLOGIA DE LA INFORMACION COMUNICACIÓN,TECNICO ESPECIALISTA EN REDES,45000,Mayo,2026
DIRECCION DE TECNOLOGIA DE LA INFORMACION COMUNICACIÓN,SOPORTE TECNICO,20000,Mayo,2026
DIRECCION DE TECNOLOGIA DE LA INFORMACION COMUNICACIÓN,SOPORTE TECNICO,20000,Mayo,2026
DIRECCION DE TECNOLOGIA DE LA INFORMACION COMUNICACIÓN,OPERADOR DE RADIO,15000,Mayo,2026
DIRECCION DE TECNOLOGIA DE LA INFORMACION COMUNICACIÓN,OPERADORA DE RADIO,30000,Mayo,2026
DIRECCION DE TECNOLOGIA DE LA INFORMACION COMUNICACIÓN,ESPEC. PLANIF. DISEÑO E IMPLEM,45000,Mayo,2026
DIRECCION DE TECNOLOGIA DE LA INFORMACION COMUNICACIÓN,COMUNICACIÓN,25000,Mayo,2026
DIRECCION DE PLANIFICACION Y DESARROLLO,DIRECTOR DE PLANIFICACION Y DESARROLLO,90000,Mayo,2026
DIRECCION DE PLANIFICACION Y DESARROLLO,SUB-DIRECTOR DE PLANIFICACION Y DESARROLLO,70000,Mayo,2026
DIRECCION DE PLANIFICACION Y DESARROLLO,ENC. DEPTO. ADMINISTRATIVA,35000,Mayo,2026
DIRECCION DE PLANIFICACION Y DESARROLLO,ENC. DEPTO. DE ESTADISTICAS,35000,Mayo,2026
DIRECCION DE PLANIFICACION Y DESARROLLO,ENC. DEPTO. DE GESTION DE LA CALIDAD,35000,Mayo,2026
DIRECCION DE PLANIFICACION Y DESARROLLO,ENC. DEPTO. DE NORMAS BASICAS DE CONTROL INTERNO (NOBACI),35000,Mayo,2026
DIRECCION DE PLANIFICACION Y DESARROLLO,ENCARGADO DEPARTAMENTO DE PROYECTOS,35000,Mayo,2026
DIRECCION DE PLANIFICACION Y DESARROLLO,ENC. DIV. DE GESTION DE RIESGOS,25000,Mayo,2026
DIRECCION DE PLANIFICACION Y DESARROLLO,ENC. SECC. DE EVALUACION DE ESTADISTICA,15000,Mayo,2026
AEROP. INT. DE LAS AMERICAS,DIRECTOR DE SEGURIDAD DE AEROPUERTO (SIERRA-1),120000,Mayo,2026
AEROP. INT. DE LAS AMERICAS,SUB-DIRECTOR DISCIPLINARIO,70000,Mayo,2026
AEROP. INT. DE LAS AMERICAS,SUB-DIRECTOR DE OPERACIONES,70000,Mayo,2026
AEROP. INT. DE LAS AMERICAS,SUB-DIRECTOR DE INTELIGENCIA,70000,Mayo,2026
AEROP. INT. DE LAS AMERICAS,SUB-DIRECTOR DE RECURSOS HUMANOS,70000,Mayo,2026
AEROP. INT. DE LAS AMERICAS,SUB-DIRECTOR TERMINAL DE CARGA,70000,Mayo,2026
AEROP. INT. DE LAS AMERICAS,ENC. DIV. DE INTELIGENCIA,25000,Mayo,2026
AEROP. INT. DE LAS AMERICAS,ENC. DIV. DE PLANES Y PROGRAMAS,25000,Mayo,2026
AEROP. INT. DE LAS AMERICAS,SUB-ENCARGADO TERMINAL DE CARGA,25000,Mayo,2026
AEROP. INT. DE LAS AMERICAS,ENC. SECC. ADMINISTRATIVA,15000,Mayo,2026
AEROP. INT. DE LAS AMERICAS,ENC. SECC. CENTRO Y COMANDO C-3,21500,Mayo,2026
AEROP. INT. DE LAS AMERICAS,ENC. SECC. DE DETECCION DE EXPLOSIVOS,21500,Mayo,2026
AEROP. INT. DE LAS AMERICAS,ENC. SECC. DE ENTRENAMIENTO,21500,Mayo,2026
AEROP. INT. DE LAS AMERICAS,ENC. SECC. DE FISCALIZACION,15500,Mayo,2026
AEROP. INT. DE LAS AMERICAS,ENC. SECC. DE INTELIGENCIA,15000,Mayo,2026
AEROP. INT. DE LAS AMERICAS,ENC. SECC. DE PROPIEDADES,15000,Mayo,2026
AEROP. INT. DE LAS AMERICAS,ENC. SECC. DE PROPIEDADES,15000,Mayo,2026
AEROP. INT. DE LAS AMERICAS,ENC. SECC. DE RECURSOS HUMANOS,15000,Mayo,2026
AEROP. INT. DE LAS AMERICAS,ENC. SECC. DE SEGUIMIENTO,21500,Mayo,2026
AEROP. INT. DE LAS AMERICAS,ENC. SECC. DE VALIDACION,15000,Mayo,2026
AEROP. INT. DE LAS AMERICAS,ENC. SECC. DETECC. EXPLOS. K-9,28000,Mayo,2026
AEROP. INT. DE LAS AMERICAS,ENC. SECC. LEGAL DE LA DIR. JURIDICA,30000,Mayo,2026
AEROP. INT. DE LAS AMERICAS,ENC. SECCION DE EVALUACION,21500,Mayo,2026
AEROP. INT. DE LAS AMERICAS,ENC. UNIDAD AUXI. DE OPERADORES DE RADIO,10000,Mayo,2026
AEROP. INT. DE LAS AMERICAS,AUX. SECC. DE INTELIGENCIA,14000,Mayo,2026
AEROP. INT. DE LAS AMERICAS,AUXILIAR ADMINISTRATIVA,25000,Mayo,2026
AEROP. INT. DE LAS AMERICAS,AUXILIAR ADMINISTRATIVA,24500,Mayo,2026
AEROP. INT. DE LAS AMERICAS,AUXILIAR ADMINISTRATIVA,30000,Mayo,2026
AEROP. INT. DE LAS AMERICAS,AUXILIAR DE LA SECC. DE RECURSOS HUMANOS,25000,Mayo,2026
AEROP. INT. DE LAS AMERICAS,AUXILIAR DE LA SUB-DIRECCION C-4,30000,Mayo,2026
AEROP. INT. DE LAS AMERICAS,AUXILIAR DE LA SUBDIRECCION DE OPERACIONES,30000,Mayo,2026
AEROP. INT. DE LAS AMERICAS,AUXILIAR DE SUB-DIRECCION DE INTELIGENCIA,25000,Mayo,2026
AEROP. INT. DE LAS AMERICAS,AUXILIAR DE SUB-DIRECCION DE INTELIGENCIA,25000,Mayo,2026
AEROP. INT. DE LAS AMERICAS,AUXILIAR DE SUB-DIRECCION DE INTELIGENCIA,25000,Mayo,2026
AEROP. INT. DE LAS AMERICAS,AUXILIAR SECC. DE FISCALIZACION,13500,Mayo,2026
AEROP. INT. DE LAS AMERICAS,AUXILIAR SECC. DE INTELIGENCIA,10000,Mayo,2026
AEROP. INT. DE LAS AMERICAS,AUXILIAR SECC. DE INTELIGENCIA,25000,Mayo,2026
AEROP. INT. DE LAS AMERICAS,AUXILIAR SECC. DE INTELIGENCIA,25000,Mayo,2026
AEROP. INT. DE LAS AMERICAS,AUXILIAR SECC. DE INTELIGENCIA,14000,Mayo,2026
AEROP. INT. DE LAS AMERICAS,AUXILIAR SECC. DE INTELIGENCIA,30000,Mayo,2026
AEROP. INT. DE LAS AMERICAS,AUXILIAR SECC. DE RECURSOS HUMANOS,25000,Mayo,2026
AEROP. INT. DE LAS AMERICAS,AUXILIAR SECC. INTELIGENCIA,10000,Mayo,2026
AEROP. INT. DE LAS AMERICAS,AUXILIAR SUB-DIRECCION DE INTELIGENCIA,14000,Mayo,2026
AEROP. INT. DE LAS AMERICAS,AUXILIAR SUBDIRECCION DE OPERACIONES,25000,Mayo,2026
AEROP. INT. DE LAS AMERICAS,AUXILIAR SUBDIRECCION DE OPERACIONES,21500,Mayo,2026
AEROP. INT. DE LAS AMERICAS,AUXILIAR SUBDIRECCION DE OPERACIONES,21500,Mayo,2026
AEROP. INT. DE LAS AMERICAS,AUXILIAR SUBDIRECCION DE OPERACIONES,21500,Mayo,2026
AEROP. INT. DE LAS AMERICAS,GERENTE AVSEC,25000,Mayo,2026
AEROP. INT. DE LAS AMERICAS,GERENTE AVSEC,25000,Mayo,2026
AEROP. INT. DE LAS AMERICAS,GERENTE AVSEC,25000,Mayo,2026
AEROP. INT. DE LAS AMERICAS,GERENTE AVSEC,25000,Mayo,2026
AEROP. INT. DE LAS AMERICAS,GERENTE AVSEC,25000,Mayo,2026
AEROP. INT. DE LAS AMERICAS,GERENTE AVSEC,25000,Mayo,2026
AEROP. INT. DE LAS AMERICAS,GERENTE AVSEC,25000,Mayo,2026
AEROP. INT. DE LAS AMERICAS,MANEJADOR K-9 EN LA SECCION DE DETECCION DE EXPLOSIVOS,21500,Mayo,2026
AEROP. INT. DE LAS AMERICAS,MANEJADOR K-9 EN LA SECCION DE DETECCION DE EXPLOSIVOS,21500,Mayo,2026
AEROP. INT. DE LAS AMERICAS,MANEJADOR K-9 EN LA SECCION DE DETECCION DE EXPLOSIVOS,21500,Mayo,2026
AEROP. INT. DE LAS AMERICAS,MANEJADOR K-9 EN LA SECCION DE DETECCION DE EXPLOSIVOS,21500,Mayo,2026
AEROP. INT. DE LAS AMERICAS,MANEJADOR K-9 EN LA SECCION DE DETECCION DE EXPLOSIVOS,21500,Mayo,2026
AEROP. INT. DE LAS AMERICAS,MANEJADOR K-9 EN LA SECCION DE DETECCION DE EXPLOSIVOS,21500,Mayo,2026
AEROP. INT. DE LAS AMERICAS,MANEJADOR K-9 EN LA SECCION DE DETECCION DE EXPLOSIVOS,21500,Mayo,2026
AEROP. INT. DE LAS AMERICAS,MANEJADOR K-9 EN LA SECCION DE DETECCION DE EXPLOSIVOS,21500,Mayo,2026
AEROP. INT. DE LAS AMERICAS,MANEJADOR K-9 EN LA SECCION DE DETECCION DE EXPLOSIVOS,21500,Mayo,2026
AEROP. INT. DE LAS AMERICAS,MANEJADOR K-9 EN LA SECCION DE DETECCION DE EXPLOSIVOS,21500,Mayo,2026
AEROP. INT. DE LAS AMERICAS,MANEJADOR K-9 EN LA SECCION DE DETECCION DE EXPLOSIVOS,19000,Mayo,2026
AEROP. INT. DE LAS AMERICAS,MANEJADOR K-9 EN LA SECCION DE DETECCION DE EXPLOSIVOS,19000,Mayo,2026
AEROP. INT. DE LAS AMERICAS,MANEJADOR K-9 EN LA SECCION DE DETECCION DE EXPLOSIVOS,19000,Mayo,2026
AEROP. INT. DE LAS AMERICAS,MANEJADOR K-9 EN LA SECCION DE DETECCIÓN DE EXPLOSIVOS,27650,Mayo,2026
AEROP. INT. DE LAS AMERICAS,MANEJADOR K-9 EN LA SECCION DE DETECCIÓN DE EXPLOSIVOS,27650,Mayo,2026
AEROP. INT. DE LAS AMERICAS,MANEJADOR K-9 EN LA SECCION DE DETECCIÓN DE EXPLOSIVOS,32650,Mayo,2026
AEROP. INT. DE LAS AMERICAS,MANEJADOR K-9 EN LA SECCION DE DETECCIÓN DE EXPLOSIVOS,32650,Mayo,2026
AEROP. INT. DE LAS AMERICAS,MANEJADOR K-9 EN LA SECCION DE DETECCIÓN DE EXPLOSIVOS,35000,Mayo,2026
AEROP. INT. DE LAS AMERICAS,MANEJADOR K-9 EN LA SECCION DE DETECCIÓN DE EXPLOSIVOS,32650,Mayo,2026
AEROP. INT. DE LAS AMERICAS,MANEJADOR K-9 EN LA SECCION DE DETECCIÓN DE EXPLOSIVOS,32650,Mayo,2026
AEROP. INT. DE LAS AMERICAS,MANEJADOR K-9 EN LA SECCION DE DETECCIÓN DE EXPLOSIVOS,32650,Mayo,2026
AEROP. INT. DE LAS AMERICAS,MANEJADOR K-9 EN LA SECCION DE DETECCIÓN DE EXPLOSIVOS,32650,Mayo,2026
AEROP. INT. DE LAS AMERICAS,MANEJADOR K-9 EN LA SECCION DE DETECCIÓN DE EXPLOSIVOS,35000,Mayo,2026
AEROP. INT. DE LAS AMERICAS,MANEJADOR K-9 EN LA SECCION DE DETECCIÓN DE EXPLOSIVOS,35000,Mayo,2026
AEROP. INT. DE LAS AMERICAS,SUPERVISOR AVSEC,21500,Mayo,2026
AEROP. INT. DE LAS AMERICAS,SUPERVISOR AVSEC,21500,Mayo,2026
AEROP. INT. DE LAS AMERICAS,SUPERVISOR AVSEC,21500,Mayo,2026
AEROP. INT. DE LAS AMERICAS,SUPERVISOR AVSEC,21500,Mayo,2026
AEROP. INT. DE LAS AMERICAS,SUPERVISOR AVSEC,21500,Mayo,2026
AEROP. INT. DE LAS AMERICAS,SUPERVISOR AVSEC,21500,Mayo,2026
AEROP. INT. DE LAS AMERICAS,SUPERVISOR AVSEC,21500,Mayo,2026
AEROP. INT. DE LAS AMERICAS,SUPERVISOR EN EL C-3,21500,Mayo,2026
AEROP. INT. DE LAS AMERICAS,SUPERVISOR EN EL C-3,21500,Mayo,2026
AEROP. INT. DE LAS AMERICAS,SUPERVISOR EN EL C-3,21500,Mayo,2026
AEROP. INT. DE LAS AMERICAS,SUPERVISOR DE LOS SERVICIO DE SEGURIDAD TERMINAL DE CARGA,20000,Mayo,2026
AEROP. INT. DE LAS AMERICAS,SUPERVIROR GENERAL DE LOS SERVICIO DE SEG.,20000,Mayo,2026
AEROP. INT. DE LAS AMERICAS,SUPERVIROR GENERAL DE LOS SERVICIO DE SEG.,20000,Mayo,2026
AEROP. INT. DE LAS AMERICAS,SUPERVISOR GENERAL DE LOS SERVICIOS DE SEGU.,20000,Mayo,2026
AEROP. INT. DE LAS AMERICAS,SUPERVISOR GENERAL DE LOS SERVICIOS DE SEGU.,20000,Mayo,2026
AEROP. INT. DE LAS AMERICAS,SUPERVISOR GENERAL SEG. SEGURIDAD,20000,Mayo,2026
AEROP. INT. DE LAS AMERICAS,OPERADOR DEL C-4,21500,Mayo,2026
AEROP. INT. DE LAS AMERICAS,OPERADOR DEL C-3,21500,Mayo,2026
AEROP. INT. DE LAS AMERICAS,OPERADOR DEL C-3,25000,Mayo,2026
AEROP. INT. DE LAS AMERICAS,OPERADOR DEL C-3,14000,Mayo,2026
AEROP. INT. DE LAS AMERICAS,OPERADOR DEL C-3,30000,Mayo,2026
AEROP. INT. DE LAS AMERICAS,OPERADOR DEL C-3,30000,Mayo,2026
AEROP. INT. DE LAS AMERICAS,OPERADOR DEL C-3,30000,Mayo,2026
AEROP. INT. DE LAS AMERICAS,OPERADOR DEL C-3,19500,Mayo,2026
AEROP. INT. DE LAS AMERICAS,OPERADOR DEL C-3,30000,Mayo,2026
AEROP. INT. DE LAS AMERICAS,SUPERVISORA C-3,21500,Mayo,2026
AEROP. INT. DE LAS AMERICAS,OPERADOR DE RADIO,30000,Mayo,2026
AEROP. INT. DE LAS AMERICAS,OPERADOR DE RADIO,30000,Mayo,2026
AEROP. INT. DE LAS AMERICAS,OPERADOR RADIO,25000,Mayo,2026
AEROP. INT. DE LAS AMERICAS,OPERADORA DE RADIO,15000,Mayo,2026
AEROP. INT. DE LAS AMERICAS,OPERADORA DE RADIO,10000,Mayo,2026
AEROP. INT. DE LAS AMERICAS,ABOGADA DE SERVICIO,21500,Mayo,2026
AEROP. INT. DE LAS AMERICAS,BIOANALISTA,20300,Mayo,2026
AEROP. INT. DE LAS AMERICAS,BIOANALISTA,20300,Mayo,2026
AEROP. INT. DE LAS AMERICAS,AYUDANTE DEL DIRECTOR DE SEGURIDAD,21500,Mayo,2026
AEROP. INT. DE LAS AMERICAS,ARMERO,30000,Mayo,2026
AEROP. INT. DE LAS AMERICAS,LIMPIA BOTAS,12500,Mayo,2026
AEROP. INT. DE LAS AMERICAS,SERV. DE GUARDIA INTERIOR,15000,Mayo,2026
AEROP. INT. DE LAS AMERICAS,SERV. DE GUARDIA INTERIOR,15000,Mayo,2026
AEROP. INT. DE LAS AMERICAS,SERVICIO DE SEGURIDAD AEROPORTUARIA,14000,Mayo,2026
AEROP. INT. DE LAS AMERICAS,SERVICIO DE SEGURIDAD AEROPORTUARIA,14000,Mayo,2026
AEROP. INT. DE LAS AMERICAS,SERVICIO DE SEGURIDAD AEROPORTUARIA,14000,Mayo,2026
AEROP. INT. DE LAS AMERICAS,SERVICIO DE SEGURIDAD AEROPORTUARIA,14000,Mayo,2026
AEROP. INT. DE LAS AMERICAS,SERVICIO DE SEGURIDAD AEROPORTUARIA,14000,Mayo,2026
AEROP. INT. DE LAS AMERICAS,SERVICIO DE SEGURIDAD AEROPORTUARIA,14000,Mayo,2026
AEROP. INT. DE LAS AMERICAS,SERVICIO DE SEGURIDAD AEROPORTUARIA,14000,Mayo,2026
AEROP. INT. DE LAS AMERICAS,SERVICIO DE SEGURIDAD AEROPORTUARIA,14000,Mayo,2026
AEROP. INT. DE LAS AMERICAS,SERVICIO DE SEGURIDAD AEROPORTUARIA,14000,Mayo,2026
AEROP. INT. DE LAS AMERICAS,SERVICIO DE SEGURIDAD AEROPORTUARIA,14000,Mayo,2026
AEROP. INT. DE LAS AMERICAS,SERVICIO DE SEGURIDAD AEROPORTUARIA,14000,Mayo,2026
AEROP. INT. DE LAS AMERICAS,SERVICIO DE SEGURIDAD AEROPORTUARIA,14000,Mayo,2026
AEROP. INT. DE LAS AMERICAS,SERVICIO DE SEGURIDAD AEROPORTUARIA,14000,Mayo,2026
AEROP. INT. DE LAS AMERICAS,SERVICIO DE SEGURIDAD AEROPORTUARIA,14000,Mayo,2026
AEROP. INT. DE LAS AMERICAS,SERVICIO DE SEGURIDAD AEROPORTUARIA,14000,Mayo,2026
AEROP. INT. DE LAS AMERICAS,SERVICIO DE SEGURIDAD AEROPORTUARIA,14000,Mayo,2026
AEROP. INT. DE LAS AMERICAS,SERVICIO DE SEGURIDAD AEROPORTUARIA,14000,Mayo,2026
AEROP. INT. DE LAS AMERICAS,SERVICIO DE SEGURIDAD AEROPORTUARIA,14000,Mayo,2026
AEROP. INT. DE LAS AMERICAS,SERVICIO DE SEGURIDAD AEROPORTUARIA,14000,Mayo,2026
AEROP. INT. DE LAS AMERICAS,SERVICIO DE SEGURIDAD AEROPORTUARIA,14000,Mayo,2026
AEROP. INT. DE LAS AMERICAS,SERVICIO DE SEGURIDAD AEROPORTUARIA,14000,Mayo,2026
AEROP. INT. DE LAS AMERICAS,SERVICIO DE SEGURIDAD AEROPORTUARIA,14000,Mayo,2026
AEROP. INT. DE LAS AMERICAS,SERVICIO DE SEGURIDAD AEROPORTUARIA,14000,Mayo,2026
AEROP. INT. DE LAS AMERICAS,SERVICIO DE SEGURIDAD AEROPORTUARIA,14000,Mayo,2026
AEROP. INT. DE LAS AMERICAS,SERVICIO DE SEGURIDAD AEROPORTUARIA,14000,Mayo,2026
AEROP. INT. DE LAS AMERICAS,SERVICIO DE SEGURIDAD AEROPORTUARIA,14000,Mayo,2026
AEROP. INT. DE LAS AMERICAS,SERVICIO DE SEGURIDAD AEROPORTUARIA,14000,Mayo,2026
AEROP. INT. DE LAS AMERICAS,SERVICIO DE SEGURIDAD AEROPORTUARIA,14000,Mayo,2026
AEROP. INT. DE LAS AMERICAS,SERVICIO DE SEGURIDAD AEROPORTUARIA,14000,Mayo,2026
AEROP. INT. DE LAS AMERICAS,SERVICIO DE SEGURIDAD AEROPORTUARIA,14000,Mayo,2026
AEROP. INT. DE LAS AMERICAS,SERVICIO DE SEGURIDAD AEROPORTUARIA,14000,Mayo,2026
AEROP. INT. DE LAS AMERICAS,SERVICIO DE SEGURIDAD AEROPORTUARIA,14000,Mayo,2026
AEROP. INT. DE LAS AMERICAS,SERVICIO DE SEGURIDAD AEROPORTUARIA,14000,Mayo,2026
AEROP. INT. DE LAS AMERICAS,SERVICIO DE SEGURIDAD AEROPORTUARIA,14000,Mayo,2026
AEROP. INT. DE LAS AMERICAS,SERVICIO DE SEGURIDAD AEROPORTUARIA,14000,Mayo,2026
AEROP. INT. DE LAS AMERICAS,SERVICIO DE SEGURIDAD AEROPORTUARIA,14000,Mayo,2026
AEROP. INT. DE LAS AMERICAS,SERVICIO DE SEGURIDAD AEROPORTUARIA,14000,Mayo,2026
AEROP. INT. DE LAS AMERICAS,SERVICIO DE SEGURIDAD AEROPORTUARIA,14000,Mayo,2026
AEROP. INT. DE LAS AMERICAS,SERVICIO DE SEGURIDAD AEROPORTUARIA,14000,Mayo,2026
AEROP. INT. DE LAS AMERICAS,SERVICIO DE SEGURIDAD AEROPORTUARIA,14000,Mayo,2026
AEROP. INT. DE LAS AMERICAS,SERVICIO DE SEGURIDAD AEROPORTUARIA,14000,Mayo,2026
AEROP. INT. DE LAS AMERICAS,SERVICIO DE SEGURIDAD AEROPORTUARIA,14000,Mayo,2026
AEROP. INT. DE LAS AMERICAS,SERVICIO DE SEGURIDAD AEROPORTUARIA,14000,Mayo,2026
AEROP. INT. DE LAS AMERICAS,SERVICIO DE SEGURIDAD AEROPORTUARIA,14000,Mayo,2026
AEROP. INT. DE LAS AMERICAS,SERVICIO DE SEGURIDAD AEROPORTUARIA,14000,Mayo,2026
AEROP. INT. DE LAS AMERICAS,SERVICIO DE SEGURIDAD AEROPORTUARIA,14000,Mayo,2026
AEROP. INT. DE LAS AMERICAS,SERVICIO DE SEGURIDAD AEROPORTUARIA,14000,Mayo,2026
AEROP. INT. DE LAS AMERICAS,SERVICIO DE SEGURIDAD AEROPORTUARIA,14000,Mayo,2026
AEROP. INT. DE LAS AMERICAS,SERVICIO DE SEGURIDAD AEROPORTUARIA,14000,Mayo,2026
AEROP. INT. DE LAS AMERICAS,SERVICIO DE SEGURIDAD AEROPORTUARIA,14000,Mayo,2026
AEROP. INT. DE LAS AMERICAS,SERVICIO DE SEGURIDAD AEROPORTUARIA,14000,Mayo,2026
AEROP. INT. DE LAS AMERICAS,SERVICIO DE SEGURIDAD AEROPORTUARIA,14000,Mayo,2026
AEROP. INT. DE LAS AMERICAS,SERVICIO DE SEGURIDAD AEROPORTUARIA,14000,Mayo,2026
AEROP. INT. DE LAS AMERICAS,SERVICIO DE SEGURIDAD AEROPORTUARIA,14000,Mayo,2026
AEROP. INT. DE LAS AMERICAS,SERVICIO DE SEGURIDAD AEROPORTUARIA,14000,Mayo,2026
AEROP. INT. DE LAS AMERICAS,SERVICIO DE SEGURIDAD AEROPORTUARIA,14000,Mayo,2026
AEROP. INT. DE LAS AMERICAS,SERVICIO DE SEGURIDAD AEROPORTUARIA,14000,Mayo,2026
AEROP. INT. DE LAS AMERICAS,SERVICIO DE SEGURIDAD AEROPORTUARIA,14000,Mayo,2026
AEROP. INT. DE LAS AMERICAS,SERVICIO DE SEGURIDAD AEROPORTUARIA,14000,Mayo,2026
AEROP. INT. DE LAS AMERICAS,SERVICIO DE SEGURIDAD AEROPORTUARIA,30000,Mayo,2026
AEROP. INT. DE LAS AMERICAS,SERVICIO DE SEGURIDAD AEROPORTUARIA,30000,Mayo,2026
AEROP. INT. DE LAS AMERICAS,SERVICIO DE SEGURIDAD AEROPORTUARIA,30000,Mayo,2026
AEROP. INT. DE LAS AMERICAS,SERVICIO DE SEGURIDAD AEROPORTUARIA,30000,Mayo,2026
AEROP. INT. DE LAS AMERICAS,SERVICIO DE SEGURIDAD AEROPORTUARIA,30000,Mayo,2026
AEROP. INT. DE LAS AMERICAS,SERVICIO DE SEGURIDAD AEROPORTUARIA,30000,Mayo,2026
AEROP. INT. DE LAS AMERICAS,SERVICIO DE SEGURIDAD AEROPORTUARIA,30000,Mayo,2026
AEROP. INT. DE LAS AMERICAS,SERVICIO DE SEGURIDAD AEROPORTUARIA,30000,Mayo,2026
AEROP. INT. DE LAS AMERICAS,SERVICIO DE SEGURIDAD AEROPORTUARIA,30000,Mayo,2026
AEROP. INT. DE LAS AMERICAS,SERVICIO DE SEGURIDAD AEROPORTUARIA,30000,Mayo,2026
AEROP. INT. DE LAS AMERICAS,SERVICIO DE SEGURIDAD AEROPORTUARIA,30000,Mayo,2026
AEROP. INT. DE LAS AMERICAS,SERVICIO DE SEGURIDAD AEROPORTUARIA,30000,Mayo,2026
AEROP. INT. DE LAS AMERICAS,SERVICIO DE SEGURIDAD AEROPORTUARIA,30000,Mayo,2026
AEROP. INT. DE LAS AMERICAS,SERVICIO DE SEGURIDAD AEROPORTUARIA,30000,Mayo,2026
AEROP. INT. DE LAS AMERICAS,SERVICIO DE SEGURIDAD AEROPORTUARIA,30000,Mayo,2026
AEROP. INT. DE LAS AMERICAS,SERVICIO DE SEGURIDAD AEROPORTUARIA,30000,Mayo,2026
AEROP. INT. DE LAS AMERICAS,SERVICIO DE SEGURIDAD AEROPORTUARIA,30000,Mayo,2026
AEROP. INT. DE LAS AMERICAS,SERVICIO DE SEGURIDAD AEROPORTUARIA,30000,Mayo,2026
AEROP. INT. DE LAS AMERICAS,SERVICIO DE SEGURIDAD AEROPORTUARIA,30000,Mayo,2026
AEROP. INT. DE LAS AMERICAS,SERVICIO DE SEGURIDAD AEROPORTUARIA,30000,Mayo,2026
AEROP. INT. DE LAS AMERICAS,SERVICIO DE SEGURIDAD AEROPORTUARIA,30000,Mayo,2026
AEROP. INT. DE LAS AMERICAS,SERVICIO DE SEGURIDAD AEROPORTUARIA,30000,Mayo,2026
AEROP. INT. DE LAS AMERICAS,SERVICIO DE SEGURIDAD AEROPORTUARIA,30000,Mayo,2026
AEROP. INT. DE LAS AMERICAS,SERVICIO DE SEGURIDAD AEROPORTUARIA,30000,Mayo,2026
AEROP. INT. DE LAS AMERICAS,SERVICIO DE SEGURIDAD AEROPORTUARIA,30000,Mayo,2026
AEROP. INT. DE LAS AMERICAS,SERVICIO DE SEGURIDAD AEROPORTUARIA,30000,Mayo,2026
AEROP. INT. DE LAS AMERICAS,SERVICIO DE SEGURIDAD AEROPORTUARIA,30000,Mayo,2026
AEROP. INT. DE LAS AMERICAS,SERVICIO DE SEGURIDAD AEROPORTUARIA,21500,Mayo,2026
AEROP. INT. DE LAS AMERICAS,SERVICIO DE SEGURIDAD AEROPORTUARIA,14000,Mayo,2026
AEROP. INT. DE LAS AMERICAS,SERVICIO DE SEGURIDAD AEROPORTUARIA,15000,Mayo,2026
AEROP. INT. DE LAS AMERICAS,SERVICIO DE SEGURIDAD AEROPORTUARIA,7900,Mayo,2026
AEROP. INT. DE LAS AMERICAS,SERVICIO DE SEGURIDAD AEROPORTUARIA,25000,Mayo,2026
AEROP. INT. DE LAS AMERICAS,SERVICIO DE SEGURIDAD AEROPORTUARIA,21500,Mayo,2026
AEROP. INT. DE LAS AMERICAS,SERVICIO DE SEGURIDAD AEROPORTUARIA,25000,Mayo,2026
AEROP. INT. DE LAS AMERICAS,SERVICIO DE SEGURIDAD AEROPORTUARIA,25000,Mayo,2026
AEROP. INT. DE LAS AMERICAS,SERVICIO DE SEGURIDAD AEROPORTUARIA,25000,Mayo,2026
AEROP. INT. DE LAS AMERICAS,SERVICIO DE SEGURIDAD AEROPORTUARIA,25000,Mayo,2026
AEROP. INT. DE LAS AMERICAS,SERVICIO DE SEGURIDAD AEROPORTUARIA,25000,Mayo,2026
AEROP. INT. DE LAS AMERICAS,SERVICIO DE SEGURIDAD AEROPORTUARIA,14000,Mayo,2026
AEROP. INT. DE LAS AMERICAS,SERVICIO DE SEGURIDAD AEROPORTUARIA,21500,Mayo,2026
AEROP. INT. DE LAS AMERICAS,SERVICIO DE SEGURIDAD AEROPORTUARIA,21500,Mayo,2026
AEROP. INT. DE LAS AMERICAS,SERVICIO DE SEGURIDAD AEROPORTUARIA,25000,Mayo,2026
AEROP. INT. DE LAS AMERICAS,SERVICIO DE SEGURIDAD AEROPORTUARIA,21500,Mayo,2026
AEROP. INT. DE LAS AMERICAS,SERVICIO DE SEGURIDAD AEROPORTUARIA,25000,Mayo,2026
AEROP. INT. DE LAS AMERICAS,SERVICIO DE SEGURIDAD AEROPORTUARIA,21500,Mayo,2026
AEROP. INT. DE LAS AMERICAS,SERVICIO DE SEGURIDAD AEROPORTUARIA,21500,Mayo,2026
AEROP. INT. DE LAS AMERICAS,SERVICIO DE SEGURIDAD AEROPORTUARIA,21500,Mayo,2026
AEROP. INT. DE LAS AMERICAS,SERVICIO DE SEGURIDAD AEROPORTUARIA,21500,Mayo,2026
AEROP. INT. DE LAS AMERICAS,SERVICIO DE SEGURIDAD AEROPORTUARIA,21500,Mayo,2026
AEROP. INT. DE LAS AMERICAS,SERVICIO DE SEGURIDAD AEROPORTUARIA,21500,Mayo,2026
AEROP. INT. DE LAS AMERICAS,SERVICIO DE SEGURIDAD AEROPORTUARIA,21500,Mayo,2026
AEROP. INT. DE LAS AMERICAS,SERVICIO DE SEGURIDAD AEROPORTUARIA,21500,Mayo,2026
AEROP. INT. DE LAS AMERICAS,SERVICIO DE SEGURIDAD AEROPORTUARIA,21500,Mayo,2026
AEROP. INT. DE LAS AMERICAS,SERVICIO DE SEGURIDAD AEROPORTUARIA,21500,Mayo,2026
AEROP. INT. DE LAS AMERICAS,SERVICIO DE SEGURIDAD AEROPORTUARIA,21500,Mayo,2026
AEROP. INT. DE LAS AMERICAS,SERVICIO DE SEGURIDAD AEROPORTUARIA,14000,Mayo,2026
AEROP. INT. DE LAS AMERICAS,SERVICIO DE SEGURIDAD AEROPORTUARIA,21500,Mayo,2026
AEROP. INT. DE LAS AMERICAS,SERVICIO DE SEGURIDAD AEROPORTUARIA,21500,Mayo,2026
AEROP. INT. DE LAS AMERICAS,SERVICIO DE SEGURIDAD AEROPORTUARIA,21500,Mayo,2026
AEROP. INT. DE LAS AMERICAS,SERVICIO DE SEGURIDAD AEROPORTUARIA,21500,Mayo,2026
AEROP. INT. DE LAS AMERICAS,SERVICIO DE SEGURIDAD AEROPORTUARIA,25000,Mayo,2026
AEROP. INT. DE LAS AMERICAS,SERVICIO DE SEGURIDAD AEROPORTUARIA,21500,Mayo,2026
AEROP. INT. DE LAS AMERICAS,SERVICIO DE SEGURIDAD AEROPORTUARIA,21500,Mayo,2026
AEROP. INT. DE LAS AMERICAS,SERVICIO DE SEGURIDAD AEROPORTUARIA,14000,Mayo,2026
AEROP. INT. DE LAS AMERICAS,SERVICIO DE SEGURIDAD AEROPORTUARIA,21500,Mayo,2026
AEROP. INT. DE LAS AMERICAS,SERVICIO DE SEGURIDAD AEROPORTUARIA,14000,Mayo,2026
AEROP. INT. DE LAS AMERICAS,SERVICIO DE SEGURIDAD AEROPORTUARIA,14000,Mayo,2026
AEROP. INT. DE LAS AMERICAS,SERVICIO DE SEGURIDAD AEROPORTUARIA,21500,Mayo,2026
AEROP. INT. DE LAS AMERICAS,SERVICIO DE SEGURIDAD AEROPORTUARIA,14000,Mayo,2026
AEROP. INT. DE LAS AMERICAS,SERVICIO DE SEGURIDAD AEROPORTUARIA,14000,Mayo,2026
AEROP. INT. DE LAS AMERICAS,SERVICIO DE SEGURIDAD AEROPORTUARIA,14000,Mayo,2026
AEROP. INT. DE LAS AMERICAS,SERVICIO DE SEGURIDAD AEROPORTUARIA,14000,Mayo,2026
AEROP. INT. DE LAS AMERICAS,SERVICIO DE SEGURIDAD AEROPORTUARIA,14000,Mayo,2026
AEROP. INT. DE LAS AMERICAS,SERVICIO DE SEGURIDAD AEROPORTUARIA,14000,Mayo,2026
AEROP. INT. DE LAS AMERICAS,SERVICIO DE SEGURIDAD AEROPORTUARIA,17500,Mayo,2026
AEROP. INT. DE LAS AMERICAS,SERVICIO DE SEGURIDAD AEROPORTUARIA,14000,Mayo,2026
AEROP. INT. DE LAS AMERICAS,SERVICIO DE SEGURIDAD AEROPORTUARIA,14000,Mayo,2026
AEROP. INT. DE LAS AMERICAS,SERVICIO DE SEGURIDAD AEROPORTUARIA,30000,Mayo,2026
AEROP. INT. DE LAS AMERICAS,SERVICIO DE SEGURIDAD AEROPORTUARIA,14000,Mayo,2026
AEROP. INT. DE LAS AMERICAS,SERVICIO DE SEGURIDAD AEROPORTUARIA,14000,Mayo,2026
AEROP. INT. DE LAS AMERICAS,SERVICIO DE SEGURIDAD AEROPORTUARIA,14000,Mayo,2026
AEROP. INT. DE LAS AMERICAS,SERVICIO DE SEGURIDAD AEROPORTUARIA,14000,Mayo,2026
AEROP. INT. DE LAS AMERICAS,SERVICIO DE SEGURIDAD AEROPORTUARIA,14000,Mayo,2026
AEROP. INT. DE LAS AMERICAS,SERVICIO DE SEGURIDAD AEROPORTUARIA,14000,Mayo,2026
AEROP. INT. DE LAS AMERICAS,SERVICIO DE SEGURIDAD AEROPORTUARIA,14000,Mayo,2026
AEROP. INT. DE LAS AMERICAS,SERVICIO DE SEGURIDAD AEROPORTUARIA,14000,Mayo,2026
AEROP. INT. DE LAS AMERICAS,SERVICIO DE SEGURIDAD AEROPORTUARIA,14000,Mayo,2026
AEROP. INT. DE LAS AMERICAS,SERVICIO DE SEGURIDAD AEROPORTUARIA,14000,Mayo,2026
AEROP. INT. DE LAS AMERICAS,SERVICIO DE SEGURIDAD AEROPORTUARIA,14000,Mayo,2026
AEROP. INT. DE LAS AMERICAS,SERVICIO DE SEGURIDAD AEROPORTUARIA,14000,Mayo,2026
AEROP. INT. DE LAS AMERICAS,SERVICIO DE SEGURIDAD AEROPORTUARIA,14000,Mayo,2026
AEROP. INT. DE LAS AMERICAS,SERVICIO DE SEGURIDAD AEROPORTUARIA,14000,Mayo,2026
AEROP. INT. DE LAS AMERICAS,SERVICIO DE SEGURIDAD AEROPORTUARIA,14000,Mayo,2026
AEROP. INT. DE LAS AMERICAS,SERVICIO DE SEGURIDAD AEROPORTUARIA,14000,Mayo,2026
AEROP. INT. DE LAS AMERICAS,SERVICIO DE SEGURIDAD AEROPORTUARIA,14000,Mayo,2026
AEROP. INT. DE LAS AMERICAS,SERVICIO DE SEGURIDAD AEROPORTUARIA,14000,Mayo,2026
AEROP. INT. DE LAS AMERICAS,SERVICIO DE SEGURIDAD AEROPORTUARIA,14000,Mayo,2026
AEROP. INT. DE LAS AMERICAS,SERVICIO DE SEGURIDAD AEROPORTUARIA,14000,Mayo,2026
AEROP. INT. DE LAS AMERICAS,SERVICIO DE SEGURIDAD AEROPORTUARIA,14000,Mayo,2026
AEROP. INT. DE LAS AMERICAS,SERVICIO DE SEGURIDAD AEROPORTUARIA,14000,Mayo,2026
AEROP. INT. DE LAS AMERICAS,SERVICIO DE SEGURIDAD AEROPORTUARIA,14000,Mayo,2026
AEROP. INT. DE LAS AMERICAS,SERVICIO DE SEGURIDAD AEROPORTUARIA,14000,Mayo,2026
AEROP. INT. DE LAS AMERICAS,SERVICIO DE SEGURIDAD AEROPORTUARIA,14000,Mayo,2026
AEROP. INT. DE LAS AMERICAS,SERVICIO DE SEGURIDAD AEROPORTUARIA,14000,Mayo,2026
AEROP. INT. DE LAS AMERICAS,SERVICIO DE SEGURIDAD AEROPORTUARIA,14000,Mayo,2026
AEROP. INT. DE LAS AMERICAS,SERVICIO DE SEGURIDAD AEROPORTUARIA,14000,Mayo,2026
AEROP. INT. DE LAS AMERICAS,SERVICIO DE SEGURIDAD AEROPORTUARIA,14000,Mayo,2026
AEROP. INT. DE LAS AMERICAS,SERVICIO DE SEGURIDAD AEROPORTUARIA,14000,Mayo,2026
AEROP. INT. DE LAS AMERICAS,SERVICIO DE SEGURIDAD AEROPORTUARIA,14000,Mayo,2026
AEROP. INT. DE LAS AMERICAS,SERVICIO DE SEGURIDAD AEROPORTUARIA,14000,Mayo,2026
AEROP. INT. DE LAS AMERICAS,SERVICIO DE SEGURIDAD AEROPORTUARIA,14000,Mayo,2026
AEROP. INT. DE LAS AMERICAS,SERVICIO DE SEGURIDAD AEROPORTUARIA,14000,Mayo,2026
AEROP. INT. DE LAS AMERICAS,SERVICIO DE SEGURIDAD AEROPORTUARIA,14000,Mayo,2026
AEROP. INT. DE LAS AMERICAS,SERVICIO DE SEGURIDAD AEROPORTUARIA,14000,Mayo,2026
AEROP. INT. DE LAS AMERICAS,SERVICIO DE SEGURIDAD AEROPORTUARIA,14000,Mayo,2026
AEROP. INT. DE LAS AMERICAS,SERVICIO DE SEGURIDAD AEROPORTUARIA,14000,Mayo,2026
AEROP. INT. DE LAS AMERICAS,SERVICIO DE SEGURIDAD AEROPORTUARIA,14000,Mayo,2026
AEROP. INT. DE LAS AMERICAS,SERVICIO DE SEGURIDAD AEROPORTUARIA,14000,Mayo,2026
AEROP. INT. DE LAS AMERICAS,SERVICIO DE SEGURIDAD AEROPORTUARIA,14000,Mayo,2026
AEROP. INT. DE LAS AMERICAS,SERVICIO DE SEGURIDAD AEROPORTUARIA,14000,Mayo,2026
AEROP. INT. DE LAS AMERICAS,SERVICIO DE SEGURIDAD AEROPORTUARIA,14000,Mayo,2026
AEROP. INT. DE LAS AMERICAS,SERVICIO DE SEGURIDAD AEROPORTUARIA,14000,Mayo,2026
AEROP. INT. DE LAS AMERICAS,SERVICIO DE SEGURIDAD AEROPORTUARIA,14000,Mayo,2026
AEROP. INT. DE LAS AMERICAS,SERVICIO DE SEGURIDAD AEROPORTUARIA,14000,Mayo,2026
AEROP. INT. DE LAS AMERICAS,SERVICIO DE SEGURIDAD AEROPORTUARIA,14000,Mayo,2026
AEROP. INT. DE LAS AMERICAS,SERVICIO DE SEGURIDAD AEROPORTUARIA,14000,Mayo,2026
AEROP. INT. DE LAS AMERICAS,SERVICIO DE SEGURIDAD AEROPORTUARIA,14000,Mayo,2026
AEROP. INT. DE LAS AMERICAS,SERVICIO DE SEGURIDAD AEROPORTUARIA,14000,Mayo,2026
AEROP. INT. DE LAS AMERICAS,SERVICIO DE SEGURIDAD AEROPORTUARIA,14000,Mayo,2026
AEROP. INT. DE LAS AMERICAS,SERVICIO DE SEGURIDAD AEROPORTUARIA,14000,Mayo,2026
AEROP. INT. DE LAS AMERICAS,SERVICIO DE SEGURIDAD AEROPORTUARIA,14000,Mayo,2026
AEROP. INT. DE LAS AMERICAS,SERVICIO DE SEGURIDAD AEROPORTUARIA,14000,Mayo,2026
AEROP. INT. DE LAS AMERICAS,SERVICIO DE SEGURIDAD AEROPORTUARIA,14000,Mayo,2026
AEROP. INT. DE LAS AMERICAS,SERVICIO DE SEGURIDAD AEROPORTUARIA,14000,Mayo,2026
AEROP. INT. DE LAS AMERICAS,SERVICIO DE SEGURIDAD AEROPORTUARIA,14000,Mayo,2026
AEROP. INT. DE LAS AMERICAS,SERVICIO DE SEGURIDAD AEROPORTUARIA,14000,Mayo,2026
AEROP. INT. DE LAS AMERICAS,SERVICIO DE SEGURIDAD AEROPORTUARIA,14000,Mayo,2026
AEROP. INT. DE LAS AMERICAS,SERVICIO DE SEGURIDAD AEROPORTUARIA,14000,Mayo,2026
AEROP. INT. DE LAS AMERICAS,SERVICIO DE SEGURIDAD AEROPORTUARIA,14000,Mayo,2026
AEROP. INT. DE LAS AMERICAS,SERVICIO DE SEGURIDAD AEROPORTUARIA,14000,Mayo,2026
AEROP. INT. DE LAS AMERICAS,SERVICIO DE SEGURIDAD AEROPORTUARIA,14000,Mayo,2026
AEROP. INT. DE LAS AMERICAS,SERVICIO DE SEGURIDAD AEROPORTUARIA,14000,Mayo,2026
AEROP. INT. DE LAS AMERICAS,SERVICIO DE SEGURIDAD AEROPORTUARIA,14000,Mayo,2026
AEROP. INT. DE LAS AMERICAS,SERVICIO DE SEGURIDAD AEROPORTUARIA,14000,Mayo,2026
AEROP. INT. DE LAS AMERICAS,SERVICIO DE SEGURIDAD AEROPORTUARIA,14000,Mayo,2026
AEROP. INT. DE LAS AMERICAS,SERVICIO DE SEGURIDAD AEROPORTUARIA,14000,Mayo,2026
AEROP. INT. DE LAS AMERICAS,SERVICIO DE SEGURIDAD AEROPORTUARIA,14000,Mayo,2026
AEROP. INT. DE LAS AMERICAS,SERVICIO DE SEGURIDAD AEROPORTUARIA,14000,Mayo,2026
AEROP. INT. DE LAS AMERICAS,SERVICIO DE SEGURIDAD AEROPORTUARIA,14000,Mayo,2026
AEROP. INT. DE LAS AMERICAS,SERVICIO DE SEGURIDAD AEROPORTUARIA,14000,Mayo,2026
AEROP. INT. DE LAS AMERICAS,SERVICIO DE SEGURIDAD AEROPORTUARIA,14000,Mayo,2026
AEROP. INT. DE LAS AMERICAS,SERVICIO DE SEGURIDAD AEROPORTUARIA,14000,Mayo,2026
AEROP. INT. DE LAS AMERICAS,SERVICIO DE SEGURIDAD AEROPORTUARIA,14000,Mayo,2026
AEROP. INT. DE LAS AMERICAS,SERVICIO DE SEGURIDAD AEROPORTUARIA,14000,Mayo,2026
AEROP. INT. DE LAS AMERICAS,SERVICIO DE SEGURIDAD AEROPORTUARIA,14000,Mayo,2026
AEROP. INT. DE LAS AMERICAS,SERVICIO DE SEGURIDAD AEROPORTUARIA,14000,Mayo,2026
AEROP. INT. DE LAS AMERICAS,SERVICIO DE SEGURIDAD AEROPORTUARIA,14000,Mayo,2026
AEROP. INT. DE LAS AMERICAS,SERVICIO DE SEGURIDAD AEROPORTUARIA,25000,Mayo,2026
AEROP. INT. DE LAS AMERICAS,SERVICIO DE SEGURIDAD AEROPORTUARIA,14000,Mayo,2026
AEROP. INT. DE LAS AMERICAS,SERVICIO DE SEGURIDAD AEROPORTUARIA,27650,Mayo,2026
AEROP. INT. DE LAS AMERICAS,SERVICIO DE SEGURIDAD AEROPORTUARIA,25000,Mayo,2026
AEROP. INT. DE LAS AMERICAS,SERVICIO DE SEGURIDAD AEROPORTUARIA,25000,Mayo,2026
AEROP. INT. DE LAS AMERICAS,SERVICIO DE SEGURIDAD AEROPORTUARIA,25000,Mayo,2026
AEROP. INT. DE LAS AMERICAS,SERVICIO DE SEGURIDAD AEROPORTUARIA,25000,Mayo,2026
AEROP. INT. DE LAS AMERICAS,SERVICIO DE SEGURIDAD AEROPORTUARIA,30000,Mayo,2026
AEROP. INT. DE LAS AMERICAS,SERVICIO DE SEGURIDAD AEROPORTUARIA,25000,Mayo,2026
AEROP. INT. DE LAS AMERICAS,SERVICIO DE SEGURIDAD AEROPORTUARIA,25000,Mayo,2026
AEROP. INT. DE LAS AMERICAS,SERVICIO DE SEGURIDAD AEROPORTUARIA,30000,Mayo,2026
AEROP. INT. DE LAS AMERICAS,SERVICIO DE SEGURIDAD AEROPORTUARIA,25000,Mayo,2026
AEROP. INT. DE LAS AMERICAS,SERVICIO DE SEGURIDAD AEROPORTUARIA,25000,Mayo,2026
AEROP. INT. DE LAS AMERICAS,SERVICIO DE SEGURIDAD AEROPORTUARIA,25000,Mayo,2026
AEROP. INT. DE LAS AMERICAS,SERVICIO DE SEGURIDAD AEROPORTUARIA,25000,Mayo,2026
AEROP. INT. DE LAS AMERICAS,SERVICIO DE SEGURIDAD AEROPORTUARIA,30000,Mayo,2026
AEROP. INT. DE LAS AMERICAS,SERVICIO DE SEGURIDAD AEROPORTUARIA,25000,Mayo,2026
AEROP. INT. DE LAS AMERICAS,SERVICIO DE SEGURIDAD AEROPORTUARIA,25000,Mayo,2026
AEROP. INT. DE LAS AMERICAS,SERVICIO DE SEGURIDAD AEROPORTUARIA,25000,Mayo,2026
AEROP. INT. DE LAS AMERICAS,SERVICIO DE SEGURIDAD AEROPORTUARIA,25000,Mayo,2026
AEROP. INT. DE LAS AMERICAS,SERVICIO DE SEGURIDAD AEROPORTUARIA,25000,Mayo,2026
AEROP. INT. DE LAS AMERICAS,SERVICIO DE SEGURIDAD AEROPORTUARIA,25000,Mayo,2026
AEROP. INT. DE LAS AMERICAS,SERVICIO DE SEGURIDAD AEROPORTUARIA,25000,Mayo,2026
AEROP. INT. DE LAS AMERICAS,SERVICIO DE SEGURIDAD AEROPORTUARIA,25000,Mayo,2026
AEROP. INT. DE LAS AMERICAS,SERVICIO DE SEGURIDAD AEROPORTUARIA,30000,Mayo,2026
AEROP. INT. DE LAS AMERICAS,SERVICIO DE SEGURIDAD AEROPORTUARIA,25000,Mayo,2026
AEROP. INT. DE LAS AMERICAS,SERVICIO DE SEGURIDAD AEROPORTUARIA,25000,Mayo,2026
AEROP. INT. DE LAS AMERICAS,SERVICIO DE SEGURIDAD AEROPORTUARIA,25000,Mayo,2026
AEROP. INT. DE LAS AMERICAS,SERVICIO DE SEGURIDAD AEROPORTUARIA,25000,Mayo,2026
AEROP. INT. DE LAS AMERICAS,SERVICIO DE SEGURIDAD AEROPORTUARIA,25000,Mayo,2026
AEROP. INT. DE LAS AMERICAS,SERVICIO DE SEGURIDAD AEROPORTUARIA,25000,Mayo,2026
AEROP. INT. DE LAS AMERICAS,SERVICIO DE SEGURIDAD AEROPORTUARIA,25000,Mayo,2026
AEROP. INT. DE LAS AMERICAS,SERVICIO DE SEGURIDAD AEROPORTUARIA,25000,Mayo,2026
AEROP. INT. DE LAS AMERICAS,SERVICIO DE SEGURIDAD AEROPORTUARIA,25000,Mayo,2026
AEROP. INT. DE LAS AMERICAS,SERVICIO DE SEGURIDAD AEROPORTUARIA,25000,Mayo,2026
AEROP. INT. DE LAS AMERICAS,SERVICIO DE SEGURIDAD AEROPORTUARIA,25000,Mayo,2026
AEROP. INT. DE LAS AMERICAS,SERVICIO DE SEGURIDAD AEROPORTUARIA,25000,Mayo,2026
AEROP. INT. DE LAS AMERICAS,SERVICIO DE SEGURIDAD AEROPORTUARIA,25000,Mayo,2026
AEROP. INT. DE LAS AMERICAS,SERVICIO DE SEGURIDAD AEROPORTUARIA,24500,Mayo,2026
AEROP. INT. DE LAS AMERICAS,SERVICIO DE SEGURIDAD AEROPORTUARIA,25000,Mayo,2026
AEROP. INT. DE LAS AMERICAS,SERVICIO DE SEGURIDAD AEROPORTUARIA,25000,Mayo,2026
AEROP. INT. DE LAS AMERICAS,SERVICIO DE SEGURIDAD AEROPORTUARIA,25000,Mayo,2026
AEROP. INT. DE LAS AMERICAS,SERVICIO DE SEGURIDAD AEROPORTUARIA,25000,Mayo,2026
AEROP. INT. DE LAS AMERICAS,SERVICIO DE SEGURIDAD AEROPORTUARIA,25000,Mayo,2026
AEROP. INT. DE LAS AMERICAS,SERVICIO DE SEGURIDAD AEROPORTUARIA,25000,Mayo,2026
AEROP. INT. DE LAS AMERICAS,SERVICIO DE SEGURIDAD AEROPORTUARIA,25000,Mayo,2026
AEROP. INT. DE LAS AMERICAS,SERVICIO DE SEGURIDAD AEROPORTUARIA,25000,Mayo,2026
AEROP. INT. DE LAS AMERICAS,SERVICIO DE SEGURIDAD AEROPORTUARIA,25000,Mayo,2026
AEROP. INT. DE LAS AMERICAS,SERVICIO DE SEGURIDAD AEROPORTUARIA,25000,Mayo,2026
AEROP. INT. DE LAS AMERICAS,SERVICIO DE SEGURIDAD AEROPORTUARIA,25000,Mayo,2026
AEROP. INT. DE LAS AMERICAS,SERVICIO DE SEGURIDAD AEROPORTUARIA,25000,Mayo,2026
AEROP. INT. DE LAS AMERICAS,SERVICIO DE SEGURIDAD AEROPORTUARIA,25000,Mayo,2026
AEROP. INT. DE LAS AMERICAS,SERVICIO DE SEGURIDAD AEROPORTUARIA,25000,Mayo,2026
AEROP. INT. DE LAS AMERICAS,SERVICIO DE SEGURIDAD AEROPORTUARIA,25000,Mayo,2026
AEROP. INT. DE LAS AMERICAS,SERVICIO DE SEGURIDAD AEROPORTUARIA,25000,Mayo,2026
AEROP. INT. DE LAS AMERICAS,SERVICIO DE SEGURIDAD AEROPORTUARIA,25000,Mayo,2026
AEROP. INT. DE LAS AMERICAS,SERVICIO DE SEGURIDAD AEROPORTUARIA,25000,Mayo,2026
AEROP. INT. DE LAS AMERICAS,SERVICIO DE SEGURIDAD AEROPORTUARIA,25000,Mayo,2026
AEROP. INT. DE LAS AMERICAS,SERVICIO DE SEGURIDAD AEROPORTUARIA,25000,Mayo,2026
AEROP. INT. DE LAS AMERICAS,SERVICIO DE SEGURIDAD AEROPORTUARIA,25000,Mayo,2026
AEROP. INT. DE LAS AMERICAS,SERVICIO DE SEGURIDAD AEROPORTUARIA,25000,Mayo,2026
AEROP. INT. DE LAS AMERICAS,SERVICIO DE SEGURIDAD AEROPORTUARIA,25000,Mayo,2026
AEROP. INT. DE LAS AMERICAS,SERVICIO DE SEGURIDAD AEROPORTUARIA,25000,Mayo,2026
AEROP. INT. DE LAS AMERICAS,SERVICIO DE SEGURIDAD AEROPORTUARIA,21500,Mayo,2026
AEROP. INT. DE LAS AMERICAS,SERVICIO DE SEGURIDAD AEROPORTUARIA,14000,Mayo,2026
AEROP. INT. DE LAS AMERICAS,SERVICIO DE SEGURIDAD AEROPORTUARIA,14000,Mayo,2026
AEROP. INT. DE LAS AMERICAS,SERVICIO DE SEGURIDAD AEROPORTUARIA,14000,Mayo,2026
AEROP. INT. DE LAS AMERICAS,SERVICIO DE SEGURIDAD AEROPORTUARIA,14000,Mayo,2026
AEROP. INT. DE LAS AMERICAS,SERVICIO DE SEGURIDAD AEROPORTUARIA,25000,Mayo,2026
AEROP. INT. DE LAS AMERICAS,SERVICIO DE SEGURIDAD AEROPORTUARIA,25000,Mayo,2026
AEROP. INT. DE LAS AMERICAS,SERVICIO DE SEGURIDAD AEROPORTUARIA,14000,Mayo,2026
AEROP. INT. DE LAS AMERICAS,SERVICIO DE SEGURIDAD AEROPORTUARIA,14000,Mayo,2026
AEROP. INT. DE LAS AMERICAS,SERVICIO DE SEGURIDAD AEROPORTUARIA,21500,Mayo,2026
AEROP. INT. DE LAS AMERICAS,SERVICIO DE SEGURIDAD AEROPORTUARIA,14000,Mayo,2026
AEROP. INT. DE LAS AMERICAS,SERVICIO DE SEGURIDAD AEROPORTUARIA,25000,Mayo,2026
AEROP. INT. DE LAS AMERICAS,SERVICIO DE SEGURIDAD AEROPORTUARIA,21500,Mayo,2026
AEROP. INT. DE LAS AMERICAS,SERVICIO DE SEGURIDAD AEROPORTUARIA,14000,Mayo,2026
AEROP. INT. DE LAS AMERICAS,SERVICIO DE SEGURIDAD AEROPORTUARIA,14000,Mayo,2026
AEROP. INT. DE LAS AMERICAS,SERVICIO DE SEGURIDAD AEROPORTUARIA,14000,Mayo,2026
AEROP. INT. DE LAS AMERICAS,SERVICIO DE SEGURIDAD AEROPORTUARIA,14000,Mayo,2026
AEROP. INT. DE LAS AMERICAS,SERVICIO DE SEGURIDAD AEROPORTUARIA,14000,Mayo,2026
AEROP. INT. DE LAS AMERICAS,SERVICIO DE SEGURIDAD AEROPORTUARIA,14000,Mayo,2026
AEROP. INT. DE LAS AMERICAS,SERVICIO DE SEGURIDAD AEROPORTUARIA,14000,Mayo,2026
AEROP. INT. DE LAS AMERICAS,SERVICIO DE SEGURIDAD AEROPORTUARIA,14000,Mayo,2026
AEROP. INT. DE LAS AMERICAS,SERVICIO DE SEGURIDAD AEROPORTUARIA,14000,Mayo,2026
AEROP. INT. DE LAS AMERICAS,SERVICIO DE SEGURIDAD AEROPORTUARIA,14000,Mayo,2026
AEROP. INT. DE LAS AMERICAS,SERVICIO DE SEGURIDAD AEROPORTUARIA,14000,Mayo,2026
AEROP. INT. DE LAS AMERICAS,SERVICIO DE SEGURIDAD AEROPORTUARIA,14000,Mayo,2026
AEROP. INT. DE LAS AMERICAS,SERVICIO DE SEGURIDAD AEROPORTUARIA,14000,Mayo,2026
AEROP. INT. DE LAS AMERICAS,SERVICIO DE SEGURIDAD AEROPORTUARIA,14000,Mayo,2026
AEROP. INT. DE LAS AMERICAS,SERVICIO DE SEGURIDAD AEROPORTUARIA,14000,Mayo,2026
AEROP. INT. DE LAS AMERICAS,SERVICIO DE SEGURIDAD AEROPORTUARIA,14000,Mayo,2026
AEROP. INT. DE LAS AMERICAS,SERVICIO DE SEGURIDAD AEROPORTUARIA,14000,Mayo,2026
AEROP. INT. DE LAS AMERICAS,SERVICIO DE SEGURIDAD AEROPORTUARIA,14000,Mayo,2026
AEROP. INT. DE LAS AMERICAS,SERVICIO DE SEGURIDAD AEROPORTUARIA,14000,Mayo,2026
AEROP. INT. DE LAS AMERICAS,SERVICIO DE SEGURIDAD AEROPORTUARIA,14000,Mayo,2026
AEROP. INT. DE LAS AMERICAS,SERVICIO DE SEGURIDAD AEROPORTUARIA,14000,Mayo,2026
AEROP. INT. DE LAS AMERICAS,SERVICIO DE SEGURIDAD AEROPORTUARIA,14000,Mayo,2026
AEROP. INT. DE LAS AMERICAS,SERVICIO DE SEGURIDAD AEROPORTUARIA,14000,Mayo,2026
AEROP. INT. DE LAS AMERICAS,SERVICIO DE SEGURIDAD AEROPORTUARIA,14000,Mayo,2026
AEROP. INT. DE LAS AMERICAS,SERVICIO DE SEGURIDAD AEROPORTUARIA,14000,Mayo,2026
AEROP. INT. DE LAS AMERICAS,SERVICIO DE SEGURIDAD AEROPORTUARIA,14000,Mayo,2026
AEROP. INT. DE LAS AMERICAS,SERVICIO DE SEGURIDAD AEROPORTUARIA,14000,Mayo,2026
AEROP. INT. DE LAS AMERICAS,SERVICIO DE SEGURIDAD AEROPORTUARIA,14000,Mayo,2026
AEROP. INT. DE LAS AMERICAS,SERVICIO DE SEGURIDAD AEROPORTUARIA,14000,Mayo,2026
AEROP. INT. DE LAS AMERICAS,SERVICIO DE SEGURIDAD AEROPORTUARIA,14000,Mayo,2026
AEROP. INT. DE LAS AMERICAS,SERVICIO DE SEGURIDAD AEROPORTUARIA,14000,Mayo,2026
AEROP. INT. DE LAS AMERICAS,SERVICIO DE SEGURIDAD AEROPORTUARIA,14000,Mayo,2026
AEROP. INT. DE LAS AMERICAS,SERVICIO DE SEGURIDAD AEROPORTUARIA,14000,Mayo,2026
AEROP. INT. DE LAS AMERICAS,SERVICIO DE SEGURIDAD AEROPORTUARIA,30000,Mayo,2026
AEROP. INT. DE LAS AMERICAS,SERVICIO DE SEGURIDAD AEROPORTUARIA,30000,Mayo,2026
AEROP. INT. DE LAS AMERICAS,SERVICIO DE SEGURIDAD AEROPORTUARIA,30000,Mayo,2026
AEROP. INT. DE LAS AMERICAS,SERVICIO DE SEGURIDAD AEROPORTUARIA,30000,Mayo,2026
AEROP. INT. DE LAS AMERICAS,SERVICIO DE SEGURIDAD AEROPORTUARIA,30000,Mayo,2026
AEROP. INT. DE LAS AMERICAS,SERVICIO DE SEGURIDAD AEROPORTUARIA,30000,Mayo,2026
AEROP. INT. DE LAS AMERICAS,SERVICIO DE SEGURIDAD AEROPORTUARIA,30000,Mayo,2026
AEROP. INT. DE LAS AMERICAS,SERVICIO DE SEGURIDAD AEROPORTUARIA,30000,Mayo,2026
AEROP. INT. DE LAS AMERICAS,SERVICIO DE SEGURIDAD AEROPORTUARIA,35000,Mayo,2026
AEROP. INT. DE LAS AMERICAS,SERVICIO DE SEGURIDAD AEROPORTUARIA,30000,Mayo,2026
AEROP. INT. DE LAS AMERICAS,SERVICIO DE SEGURIDAD AEROPORTUARIA,30000,Mayo,2026
AEROP. INT. DE LAS AMERICAS,SERVICIO DE SEGURIDAD AEROPORTUARIA,32650,Mayo,2026
AEROP. INT. DE LAS AMERICAS,SERVICIO DE SEGURIDAD AEROPORTUARIA,35000,Mayo,2026
AEROP. INT. DE LAS AMERICAS,SERVICIO DE SEGURIDAD AEROPORTUARIA,32650,Mayo,2026
AEROP. INT. DE LAS AMERICAS,SERVICIO DE SEGURIDAD AEROPORTUARIA,35000,Mayo,2026
AEROP. INT. DE LAS AMERICAS,SERVICIO DE SEGURIDAD AEROPORTUARIA,30000,Mayo,2026
AEROP. INT. DE LAS AMERICAS,SERVICIO DE SEGURIDAD AEROPORTUARIA,30000,Mayo,2026
AEROP. INT. DE LAS AMERICAS,SERVICIO DE SEGURIDAD AEROPORTUARIA,30000,Mayo,2026
AEROP. INT. DE LAS AMERICAS,SERVICIO DE SEGURIDAD AEROPORTUARIA,30000,Mayo,2026
AEROP. INT. DE LAS AMERICAS,SERVICIO DE SEGURIDAD AEROPORTUARIA,30000,Mayo,2026
AEROP. INT. DE LAS AMERICAS,SERVICIO DE SEGURIDAD AEROPORTUARIA,30000,Mayo,2026
AEROP. INT. DE LAS AMERICAS,SERVICIO DE SEGURIDAD AEROPORTUARIA,29500,Mayo,2026
AEROP. INT. DE LAS AMERICAS,SERVICIO DE SEGURIDAD AEROPORTUARIA,30000,Mayo,2026
AEROP. INT. DE LAS AMERICAS,SERVICIO DE SEGURIDAD AEROPORTUARIA,30000,Mayo,2026
AEROP. INT. DE LAS AMERICAS,SERVICIO DE SEGURIDAD AEROPORTUARIA,35000,Mayo,2026
AEROP. INT. DE LAS AMERICAS,SERVICIO DE SEGURIDAD AEROPORTUARIA,30000,Mayo,2026
AEROP. INT. DE LAS AMERICAS,SERVICIO DE SEGURIDAD AEROPORTUARIA,30000,Mayo,2026
AEROP. INT. DE LAS AMERICAS,SERVICIO DE SEGURIDAD AEROPORTUARIA,30000,Mayo,2026
AEROP. INT. DE LAS AMERICAS,SERVICIO DE SEGURIDAD AEROPORTUARIA,30000,Mayo,2026
AEROP. INT. DE LAS AMERICAS,SERVICIO DE SEGURIDAD AEROPORTUARIA,30000,Mayo,2026
AEROP. INT. DE LAS AMERICAS,SERVICIO DE SEGURIDAD AEROPORTUARIA,30000,Mayo,2026
AEROP. INT. DE LAS AMERICAS,SERVICIO DE SEGURIDAD AEROPORTUARIA,30000,Mayo,2026
AEROP. INT. DE LAS AMERICAS,SERVICIO DE SEGURIDAD AEROPORTUARIA,30000,Mayo,2026
AEROP. INT. DE LAS AMERICAS,SERVICIO DE SEGURIDAD AEROPORTUARIA,30000,Mayo,2026
AEROP. INT. DE LAS AMERICAS,SERVICIO DE SEGURIDAD AEROPORTUARIA,30000,Mayo,2026
AEROP. INT. DE LAS AMERICAS,SERVICIO DE SEGURIDAD AEROPORTUARIA,30000,Mayo,2026
AEROP. INT. DE LAS AMERICAS,SERVICIO DE SEGURIDAD AEROPORTUARIA,30000,Mayo,2026
AEROP. INT. DE LAS AMERICAS,SERVICIO DE SEGURIDAD AEROPORTUARIA,30000,Mayo,2026
AEROP. INT. DE LAS AMERICAS,SERVICIO DE SEGURIDAD AEROPORTUARIA,30000,Mayo,2026
AEROP. INT. DE LAS AMERICAS,SERVICIO DE SEGURIDAD AEROPORTUARIA,30000,Mayo,2026
AEROP. INT. DE LAS AMERICAS,SERVICIO DE SEGURIDAD AEROPORTUARIA,30000,Mayo,2026
AEROP. INT. DE LAS AMERICAS,SERVICIO DE SEGURIDAD AEROPORTUARIA,35000,Mayo,2026
AEROP. INT. DE LAS AMERICAS,SERVICIO DE SEGURIDAD AEROPORTUARIA,30000,Mayo,2026
AEROP. INT. DE LAS AMERICAS,SERVICIO DE SEGURIDAD AEROPORTUARIA,30000,Mayo,2026
AEROP. INT. DE LAS AMERICAS,SERVICIO DE SEGURIDAD AEROPORTUARIA,30000,Mayo,2026
AEROP. INT. DE LAS AMERICAS,SERVICIO DE SEGURIDAD AEROPORTUARIA,30000,Mayo,2026
AEROP. INT. DE LAS AMERICAS,SERVICIO DE SEGURIDAD AEROPORTUARIA,30000,Mayo,2026
AEROP. INT. DE LAS AMERICAS,SERVICIO DE SEGURIDAD AEROPORTUARIA,30000,Mayo,2026
AEROP. INT. DE LAS AMERICAS,SERVICIO DE SEGURIDAD AEROPORTUARIA,30000,Mayo,2026
AEROP. INT. DE LAS AMERICAS,SERVICIO DE SEGURIDAD AEROPORTUARIA,30000,Mayo,2026
AEROP. INT. DE LAS AMERICAS,SERVICIO DE SEGURIDAD AEROPORTUARIA,30000,Mayo,2026
AEROP. INT. DE LAS AMERICAS,SERVICIO DE SEGURIDAD AEROPORTUARIA,35000,Mayo,2026
AEROP. INT. DE LAS AMERICAS,SERVICIO DE SEGURIDAD AEROPORTUARIA,30000,Mayo,2026
AEROP. INT. DE LAS AMERICAS,SERVICIO DE SEGURIDAD AEROPORTUARIA,30000,Mayo,2026
AEROP. INT. DE LAS AMERICAS,SERVICIO DE SEGURIDAD AEROPORTUARIA,30000,Mayo,2026
AEROP. INT. DE LAS AMERICAS,SERVICIO DE SEGURIDAD AEROPORTUARIA,30000,Mayo,2026
AEROP. INT. DE LAS AMERICAS,SERVICIO DE SEGURIDAD AEROPORTUARIA,30000,Mayo,2026
AEROP. INT. DE LAS AMERICAS,SERVICIO DE SEGURIDAD AEROPORTUARIA,32650,Mayo,2026
AEROP. INT. DE LAS AMERICAS,SERVICIO DE SEGURIDAD AEROPORTUARIA,30000,Mayo,2026
AEROP. INT. DE LAS AMERICAS,SERVICIO DE SEGURIDAD AEROPORTUARIA,30000,Mayo,2026
AEROP. INT. DE LAS AMERICAS,SERVICIO DE SEGURIDAD AEROPORTUARIA,30000,Mayo,2026
AEROP. INT. DE LAS AMERICAS,SERVICIO DE SEGURIDAD AEROPORTUARIA,30000,Mayo,2026
AEROP. INT. DE LAS AMERICAS,SERVICIO DE SEGURIDAD AEROPORTUARIA,20000,Mayo,2026
AEROP. INT. DE LAS AMERICAS,SERVICIO DE SEGURIDAD AEROPORTUARIA,30000,Mayo,2026
AEROP. INT. DE LAS AMERICAS,SERVICIO DE SEGURIDAD AEROPORTUARIA,30000,Mayo,2026
AEROP. INT. DE LAS AMERICAS,SERVICIO DE SEGURIDAD AEROPORTUARIA,14000,Mayo,2026
AEROP. INT. DE LAS AMERICAS,SERVICIO DE SEGURIDAD AEROPORTUARIA,14000,Mayo,2026
AEROP. INT. DE LAS AMERICAS,SERVICIO DE SEGURIDAD AEROPORTUARIA,30000,Mayo,2026
AEROP. INT. DE LAS AMERICAS,SERVICIO DE SEGURIDAD AEROPORTUARIA,14000,Mayo,2026
AEROPUERTO INT. JOAQUIN BALAGUER,DIRECTOR DE SEGURIDAD DE AEROPUERTO (SIERRA-1),90000,Mayo,2026
AEROPUERTO INT. JOAQUIN BALAGUER,SUB-DIRECTORA DISCIPLINARIO,70000,Mayo,2026
AEROPUERTO INT. JOAQUIN BALAGUER,SUB-DIRECTOR DE OPERACIONES,70000,Mayo,2026
AEROPUERTO INT. JOAQUIN BALAGUER,ENC. DEPTO. DE RECURSOS HUMANOS,35000,Mayo,2026
AEROPUERTO INT. JOAQUIN BALAGUER,ENC. DIV. DE PLANES Y PROGRAMAS,25000,Mayo,2026
AEROPUERTO INT. JOAQUIN BALAGUER,ENC. SECC. DE DETECCION DE EXPLOSIVOS,28000,Mayo,2026
AEROPUERTO INT. JOAQUIN BALAGUER,ENC. SECC. DE EVALUACION,21500,Mayo,2026
AEROPUERTO INT. JOAQUIN BALAGUER,ENC. SECC. DE FISCALIZACION,25000,Mayo,2026
AEROPUERTO INT. JOAQUIN BALAGUER,ENC. SECC. DE PROPIEDADES,15000,Mayo,2026
AEROPUERTO INT. JOAQUIN BALAGUER,ENC. SECC. DE RECURSOS HUMANOS,21500,Mayo,2026
AEROPUERTO INT. JOAQUIN BALAGUER,ENC. SECC. DE SEGUIMIENTO,21500,Mayo,2026
AEROPUERTO INT. JOAQUIN BALAGUER,ENC. SECC. FISCALIZACION,20300,Mayo,2026
AEROPUERTO INT. JOAQUIN BALAGUER,ENC. SECC. LEGAL AVSEC Y SECRETARIO DEL COMITÉ,20000,Mayo,2026
AEROPUERTO INT. JOAQUIN BALAGUER,ENC. UNIDAD DE COMUNICACIONES,10000,Mayo,2026
AEROPUERTO INT. JOAQUIN BALAGUER,AUX. SECC. DE INTELIGENCIA,10000,Mayo,2026
AEROPUERTO INT. JOAQUIN BALAGUER,AUX. SECC. VALIDACION,14000,Mayo,2026
AEROPUERTO INT. JOAQUIN BALAGUER,AUXILIAR ADMINISTRATIVA,14000,Mayo,2026
AEROPUERTO INT. JOAQUIN BALAGUER,AUXILIAR DE CONTABILIDAD,14000,Mayo,2026
AEROPUERTO INT. JOAQUIN BALAGUER,AUXILIAR DE INTELIGENCIA TERMINAL A,14000,Mayo,2026
AEROPUERTO INT. JOAQUIN BALAGUER,AUXILIAR SECC. INTELIGENCIA,14000,Mayo,2026
AEROPUERTO INT. JOAQUIN BALAGUER,GERENTE AVSEC,25000,Mayo,2026
AEROPUERTO INT. JOAQUIN BALAGUER,MANEJADOR K-9 EN LA SECCION DE DETECCION DE EXPLOSIVOS,21500,Mayo,2026
AEROPUERTO INT. JOAQUIN BALAGUER,MANEJADOR K-9 EN LA SECCION DE DETECCION DE EXPLOSIVOS,21500,Mayo,2026
AEROPUERTO INT. JOAQUIN BALAGUER,MANEJADOR K-9 EN LA SECCION DE DETECCION DE EXPLOSIVOS,21500,Mayo,2026
AEROPUERTO INT. JOAQUIN BALAGUER,MANEJADOR K-9 EN LA SECCION DE DETECCION DE EXPLOSIVOS,21500,Mayo,2026
AEROPUERTO INT. JOAQUIN BALAGUER,MANEJADOR K-9 EN LA SECCION DE DETECCIÓN DE EXPLOSIVOS,35000,Mayo,2026
AEROPUERTO INT. JOAQUIN BALAGUER,SUPERVISOR AVSEC,21500,Mayo,2026
AEROPUERTO INT. JOAQUIN BALAGUER,SUPERVISOR AVSEC,21500,Mayo,2026
AEROPUERTO INT. JOAQUIN BALAGUER,SUPERVISOR AVSEC,21500,Mayo,2026
AEROPUERTO INT. JOAQUIN BALAGUER,SUPERVISOR C-3,21500,Mayo,2026
AEROPUERTO INT. JOAQUIN BALAGUER,SUPERVISOR C-3,21500,Mayo,2026
AEROPUERTO INT. JOAQUIN BALAGUER,SUPERVISOR EN EL C-3,21500,Mayo,2026
AEROPUERTO INT. JOAQUIN BALAGUER,SUPLENTE DEL DIRECTOR DE SEGURIDAD (S-1A),21500,Mayo,2026
AEROPUERTO INT. JOAQUIN BALAGUER,SUPLENTE DEL DIRECTOR EN SEGURIDAD EN EL AILA,20000,Mayo,2026
AEROPUERTO INT. JOAQUIN BALAGUER,OPERADOR DEL C-3,14000,Mayo,2026
AEROPUERTO INT. JOAQUIN BALAGUER,OPERADOR DEL C-3,14000,Mayo,2026
AEROPUERTO INT. JOAQUIN BALAGUER,OPERADOR DEL C-3,21500,Mayo,2026
AEROPUERTO INT. JOAQUIN BALAGUER,OPERADOR DEL C-3,25000,Mayo,2026
AEROPUERTO INT. JOAQUIN BALAGUER,OPERADOR DEL C-3,30000,Mayo,2026
AEROPUERTO INT. JOAQUIN BALAGUER,OPERADOR DEL C-3,30000,Mayo,2026
AEROPUERTO INT. JOAQUIN BALAGUER,OPERADOR DEL C-3,19500,Mayo,2026
AEROPUERTO INT. JOAQUIN BALAGUER,OPERADOR DEL C-3,14500,Mayo,2026
AEROPUERTO INT. JOAQUIN BALAGUER,SUPERVISORA C-3,21500,Mayo,2026
AEROPUERTO INT. JOAQUIN BALAGUER,OPERADOR DE RADIO,7000,Mayo,2026
AEROPUERTO INT. JOAQUIN BALAGUER,OPERADOR DE RADIO,13500,Mayo,2026
AEROPUERTO INT. JOAQUIN BALAGUER,OPERADORA DE RADIO,13500,Mayo,2026
AEROPUERTO INT. JOAQUIN BALAGUER,ABOGADO DE SERVICIO DE LA SECC. LEGAL,20000,Mayo,2026
AEROPUERTO INT. JOAQUIN BALAGUER,MEDICO DE SERV. SEDE PRINCIPAL,10000,Mayo,2026
AEROPUERTO INT. JOAQUIN BALAGUER,VERIFICADOR DE LA SUB-DIRECCION DE DOPAJES,30000,Mayo,2026
AEROPUERTO INT. JOAQUIN BALAGUER,ARCHIVISTA,30000,Mayo,2026
AEROPUERTO INT. JOAQUIN BALAGUER,MENSAJERO NIVEL 2,12500,Mayo,2026
AEROPUERTO INT. JOAQUIN BALAGUER,BARBERO,30000,Mayo,2026
AEROPUERTO INT. JOAQUIN BALAGUER,COCINERO (A),12500,Mayo,2026
AEROPUERTO INT. JOAQUIN BALAGUER,COCINERO (A),12500,Mayo,2026
AEROPUERTO INT. JOAQUIN BALAGUER,COCINERO (A),12500,Mayo,2026
AEROPUERTO INT. JOAQUIN BALAGUER,COCINERO (A),12500,Mayo,2026
AEROPUERTO INT. JOAQUIN BALAGUER,COCINERO (A),12500,Mayo,2026
AEROPUERTO INT. JOAQUIN BALAGUER,COCINERO (A),12500,Mayo,2026
AEROPUERTO INT. JOAQUIN BALAGUER,COCINERO (A),12500,Mayo,2026
AEROPUERTO INT. JOAQUIN BALAGUER,CONSERJE,12500,Mayo,2026
AEROPUERTO INT. JOAQUIN BALAGUER,CONSERJE,12500,Mayo,2026
AEROPUERTO INT. JOAQUIN BALAGUER,CONSERJE,12500,Mayo,2026
AEROPUERTO INT. JOAQUIN BALAGUER,CONSERJE,12500,Mayo,2026
AEROPUERTO INT. JOAQUIN BALAGUER,CONSERJE,12500,Mayo,2026
AEROPUERTO INT. JOAQUIN BALAGUER,OFICAL DE SUPERVISORES DE LOS SERVICIO,15000,Mayo,2026
AEROPUERTO INT. JOAQUIN BALAGUER,OFICIAL DE SERVICIO SIERRA 1-ECO,21500,Mayo,2026
AEROPUERTO INT. JOAQUIN BALAGUER,SERVICIO DE SEG. AEROPORTUARIA,14000,Mayo,2026
AEROPUERTO INT. JOAQUIN BALAGUER,SERVICIO DE SEG. AEROPORTUARIA,14000,Mayo,2026
AEROPUERTO INT. JOAQUIN BALAGUER,SERVICIO DE SEG. AEROPORTUARIA,30000,Mayo,2026
AEROPUERTO INT. JOAQUIN BALAGUER,SERVICIO DE SEG. AEROPORTUARIA,30000,Mayo,2026
AEROPUERTO INT. JOAQUIN BALAGUER,SERVICIO DE SEG. AEROPORTUARIA,30000,Mayo,2026
AEROPUERTO INT. JOAQUIN BALAGUER,SERVICIO DE SEG. AEROPORTUARIA,30000,Mayo,2026
AEROPUERTO INT. JOAQUIN BALAGUER,SERVICIO DE SEG. AEROPORTUARIA,30000,Mayo,2026
AEROPUERTO INT. JOAQUIN BALAGUER,SERVICIO DE SEG. AEROPORTUARIA,30000,Mayo,2026
AEROPUERTO INT. JOAQUIN BALAGUER,SERVICIO DE SEG. AEROPORTUARIA,30000,Mayo,2026
AEROPUERTO INT. JOAQUIN BALAGUER,SERVICIO DE SEG. AEROPORTUARIA,30000,Mayo,2026
AEROPUERTO INT. JOAQUIN BALAGUER,SERVICIO DE SEG. AEROPORTUARIA,30000,Mayo,2026
AEROPUERTO INT. JOAQUIN BALAGUER,SERVICIO DE SEG. AEROPORTUARIA,30000,Mayo,2026
AEROPUERTO INT. JOAQUIN BALAGUER,SERVICIO DE SEGURIDAD AEROPORTUARIA,21500,Mayo,2026
AEROPUERTO INT. JOAQUIN BALAGUER,SERVICIO DE SEGURIDAD AEROPORTUARIA,14000,Mayo,2026
AEROPUERTO INT. JOAQUIN BALAGUER,SERVICIO DE SEGURIDAD AEROPORTUARIA,14000,Mayo,2026
AEROPUERTO INT. JOAQUIN BALAGUER,SERVICIO DE SEGURIDAD AEROPORTUARIA,21500,Mayo,2026
AEROPUERTO INT. JOAQUIN BALAGUER,SERVICIO DE SEGURIDAD AEROPORTUARIA,21500,Mayo,2026
AEROPUERTO INT. JOAQUIN BALAGUER,SERVICIO DE SEGURIDAD AEROPORTUARIA,21500,Mayo,2026
AEROPUERTO INT. JOAQUIN BALAGUER,SERVICIO DE SEGURIDAD AEROPORTUARIA,21500,Mayo,2026
AEROPUERTO INT. JOAQUIN BALAGUER,SERVICIO DE SEGURIDAD AEROPORTUARIA,21500,Mayo,2026
AEROPUERTO INT. JOAQUIN BALAGUER,SERVICIO DE SEGURIDAD AEROPORTUARIA,14000,Mayo,2026
AEROPUERTO INT. JOAQUIN BALAGUER,SERVICIO DE SEGURIDAD AEROPORTUARIA,21500,Mayo,2026
AEROPUERTO INT. JOAQUIN BALAGUER,SERVICIO DE SEGURIDAD AEROPORTUARIA,21500,Mayo,2026
AEROPUERTO INT. JOAQUIN BALAGUER,SERVICIO DE SEGURIDAD AEROPORTUARIA,21500,Mayo,2026
AEROPUERTO INT. JOAQUIN BALAGUER,SERVICIO DE SEGURIDAD AEROPORTUARIA,21500,Mayo,2026
AEROPUERTO INT. JOAQUIN BALAGUER,SERVICIO DE SEGURIDAD AEROPORTUARIA,21500,Mayo,2026
AEROPUERTO INT. JOAQUIN BALAGUER,SERVICIO DE SEGURIDAD AEROPORTUARIA,21500,Mayo,2026
AEROPUERTO INT. JOAQUIN BALAGUER,SERVICIO DE SEGURIDAD AEROPORTUARIA,21500,Mayo,2026
AEROPUERTO INT. JOAQUIN BALAGUER,SERVICIO DE SEGURIDAD AEROPORTUARIA,14000,Mayo,2026
AEROPUERTO INT. JOAQUIN BALAGUER,SERVICIO DE SEGURIDAD AEROPORTUARIA,21500,Mayo,2026
AEROPUERTO INT. JOAQUIN BALAGUER,SERVICIO DE SEGURIDAD AEROPORTUARIA,17500,Mayo,2026
AEROPUERTO INT. JOAQUIN BALAGUER,SERVICIO DE SEGURIDAD AEROPORTUARIA,14000,Mayo,2026
AEROPUERTO INT. JOAQUIN BALAGUER,SERVICIO DE SEGURIDAD AEROPORTUARIA,14000,Mayo,2026
AEROPUERTO INT. JOAQUIN BALAGUER,SERVICIO DE SEGURIDAD AEROPORTUARIA,14000,Mayo,2026
AEROPUERTO INT. JOAQUIN BALAGUER,SERVICIO DE SEGURIDAD AEROPORTUARIA,14000,Mayo,2026
AEROPUERTO INT. JOAQUIN BALAGUER,SERVICIO DE SEGURIDAD AEROPORTUARIA,14000,Mayo,2026
AEROPUERTO INT. JOAQUIN BALAGUER,SERVICIO DE SEGURIDAD AEROPORTUARIA,14000,Mayo,2026
AEROPUERTO INT. JOAQUIN BALAGUER,SERVICIO DE SEGURIDAD AEROPORTUARIA,14000,Mayo,2026
AEROPUERTO INT. JOAQUIN BALAGUER,SERVICIO DE SEGURIDAD AEROPORTUARIA,14000,Mayo,2026
AEROPUERTO INT. JOAQUIN BALAGUER,SERVICIO DE SEGURIDAD AEROPORTUARIA,14000,Mayo,2026
AEROPUERTO INT. JOAQUIN BALAGUER,SERVICIO DE SEGURIDAD AEROPORTUARIA,14000,Mayo,2026
AEROPUERTO INT. JOAQUIN BALAGUER,SERVICIO DE SEGURIDAD AEROPORTUARIA,14000,Mayo,2026
AEROPUERTO INT. JOAQUIN BALAGUER,SERVICIO DE SEGURIDAD AEROPORTUARIA,14000,Mayo,2026
AEROPUERTO INT. JOAQUIN BALAGUER,SERVICIO DE SEGURIDAD AEROPORTUARIA,14000,Mayo,2026
AEROPUERTO INT. JOAQUIN BALAGUER,SERVICIO DE SEGURIDAD AEROPORTUARIA,14000,Mayo,2026
AEROPUERTO INT. JOAQUIN BALAGUER,SERVICIO DE SEGURIDAD AEROPORTUARIA,14000,Mayo,2026
AEROPUERTO INT. JOAQUIN BALAGUER,SERVICIO DE SEGURIDAD AEROPORTUARIA,14000,Mayo,2026
AEROPUERTO INT. JOAQUIN BALAGUER,SERVICIO DE SEGURIDAD AEROPORTUARIA,14000,Mayo,2026
AEROPUERTO INT. JOAQUIN BALAGUER,SERVICIO DE SEGURIDAD AEROPORTUARIA,14000,Mayo,2026
AEROPUERTO INT. JOAQUIN BALAGUER,SERVICIO DE SEGURIDAD AEROPORTUARIA,14000,Mayo,2026
AEROPUERTO INT. JOAQUIN BALAGUER,SERVICIO DE SEGURIDAD AEROPORTUARIA,14000,Mayo,2026
AEROPUERTO INT. JOAQUIN BALAGUER,SERVICIO DE SEGURIDAD AEROPORTUARIA,14000,Mayo,2026
AEROPUERTO INT. JOAQUIN BALAGUER,SERVICIO DE SEGURIDAD AEROPORTUARIA,14000,Mayo,2026
AEROPUERTO INT. JOAQUIN BALAGUER,SERVICIO DE SEGURIDAD AEROPORTUARIA,14000,Mayo,2026
AEROPUERTO INT. JOAQUIN BALAGUER,SERVICIO DE SEGURIDAD AEROPORTUARIA,14000,Mayo,2026
AEROPUERTO INT. JOAQUIN BALAGUER,SERVICIO DE SEGURIDAD AEROPORTUARIA,25000,Mayo,2026
AEROPUERTO INT. JOAQUIN BALAGUER,SERVICIO DE SEGURIDAD AEROPORTUARIA,25000,Mayo,2026
AEROPUERTO INT. JOAQUIN BALAGUER,SERVICIO DE SEGURIDAD AEROPORTUARIA,25000,Mayo,2026
AEROPUERTO INT. JOAQUIN BALAGUER,SERVICIO DE SEGURIDAD AEROPORTUARIA,25000,Mayo,2026
AEROPUERTO INT. JOAQUIN BALAGUER,SERVICIO DE SEGURIDAD AEROPORTUARIA,25000,Mayo,2026
AEROPUERTO INT. JOAQUIN BALAGUER,SERVICIO DE SEGURIDAD AEROPORTUARIA,25000,Mayo,2026
AEROPUERTO INT. JOAQUIN BALAGUER,SERVICIO DE SEGURIDAD AEROPORTUARIA,25000,Mayo,2026
AEROPUERTO INT. JOAQUIN BALAGUER,SERVICIO DE SEGURIDAD AEROPORTUARIA,25000,Mayo,2026
AEROPUERTO INT. JOAQUIN BALAGUER,SERVICIO DE SEGURIDAD AEROPORTUARIA,25000,Mayo,2026
AEROPUERTO INT. JOAQUIN BALAGUER,SERVICIO DE SEGURIDAD AEROPORTUARIA,25000,Mayo,2026
AEROPUERTO INT. JOAQUIN BALAGUER,SERVICIO DE SEGURIDAD AEROPORTUARIA,25000,Mayo,2026
AEROPUERTO INT. JOAQUIN BALAGUER,SERVICIO DE SEGURIDAD AEROPORTUARIA,25000,Mayo,2026
AEROPUERTO INT. JOAQUIN BALAGUER,SERVICIO DE SEGURIDAD AEROPORTUARIA,25000,Mayo,2026
AEROPUERTO INT. JOAQUIN BALAGUER,SERVICIO DE SEGURIDAD AEROPORTUARIA,14000,Mayo,2026
AEROPUERTO INT. JOAQUIN BALAGUER,SERVICIO DE SEGURIDAD AEROPORTUARIA,14000,Mayo,2026
AEROPUERTO INT. JOAQUIN BALAGUER,SERVICIO DE SEGURIDAD AEROPORTUARIA,14000,Mayo,2026
AEROPUERTO INT. JOAQUIN BALAGUER,SERVICIO DE SEGURIDAD AEROPORTUARIA,25000,Mayo,2026
AEROPUERTO INT. JOAQUIN BALAGUER,SERVICIO DE SEGURIDAD AEROPORTUARIA,25000,Mayo,2026
AEROPUERTO INT. JOAQUIN BALAGUER,SERVICIO DE SEGURIDAD AEROPORTUARIA,25000,Mayo,2026
AEROPUERTO INT. JOAQUIN BALAGUER,SERVICIO DE SEGURIDAD AEROPORTUARIA,25000,Mayo,2026
AEROPUERTO INT. JOAQUIN BALAGUER,SERVICIO DE SEGURIDAD AEROPORTUARIA,7200,Mayo,2026
AEROPUERTO INT. JOAQUIN BALAGUER,SERVICIO DE SEGURIDAD AEROPORTUARIA,14000,Mayo,2026
AEROPUERTO INT. JOAQUIN BALAGUER,SERVICIO DE SEGURIDAD AEROPORTUARIA,25000,Mayo,2026
AEROPUERTO INT. JOAQUIN BALAGUER,SERVICIO DE SEGURIDAD AEROPORTUARIA,30000,Mayo,2026
AEROPUERTO INT. JOAQUIN BALAGUER,SERVICIO DE SEGURIDAD AEROPORTUARIA,30000,Mayo,2026
AEROPUERTO INT. JOAQUIN BALAGUER,SERVICIO DE SEGURIDAD AEROPORTUARIA,30000,Mayo,2026
AEROPUERTO INT. JOAQUIN BALAGUER,SERVICIO DE SEGURIDAD AEROPORTUARIA,30000,Mayo,2026
AEROPUERTO INT. JOAQUIN BALAGUER,SERVICIO DE SEGURIDAD AEROPORTUARIA,30000,Mayo,2026
AEROPUERTO INT. JOAQUIN BALAGUER,SERVICIO DE SEGURIDAD AEROPORTUARIA,30000,Mayo,2026
AEROPUERTO INT. JOAQUIN BALAGUER,SERVICIO DE SEGURIDAD AEROPORTUARIA,30000,Mayo,2026
AEROPUERTO INT. JOAQUIN BALAGUER,SERVICIO DE SEGURIDAD AEROPORTUARIA,30000,Mayo,2026
AEROPUERTO INT. JOAQUIN BALAGUER,SERVICIO DE SEGURIDAD AEROPORTUARIA,30000,Mayo,2026
AEROPUERTO INT. JOAQUIN BALAGUER,SERVICIO DE SEGURIDAD AEROPORTUARIA,30000,Mayo,2026
AEROPUERTO INT. JOAQUIN BALAGUER,SERVICIO DE SEGURIDAD AEROPORTUARIA,30000,Mayo,2026
AEROPUERTO INT. JOAQUIN BALAGUER,SERVICIO DE SEGURIDAD AEROPORTUARIA,30000,Mayo,2026
AEROPUERTO INT. JOAQUIN BALAGUER,SERVICIO DE SEGURIDAD AEROPORTUARIA,30000,Mayo,2026
AEROPUERTO INT. JOAQUIN BALAGUER,SERVICIO DE SEGURIDAD AEROPORTUARIA,30000,Mayo,2026
AEROPUERTO INT. JOAQUIN BALAGUER,SERVICIO DE SEGURIDAD AEROPORTUARIA,30000,Mayo,2026
AEROPUERTO INT. JOAQUIN BALAGUER,SERVICIO DE SEGURIDAD AEROPORTUARIA,30000,Mayo,2026
AEROPUERTO INT. JOAQUIN BALAGUER,SERVICIO DE SEGURIDAD AEROPORTUARIA,30000,Mayo,2026
AEROPUERTO INT. JOAQUIN BALAGUER,SERVICIO DE SEGURIDAD AEROPORTUARIA,30000,Mayo,2026
AEROPUERTO INT. JOAQUIN BALAGUER,SERVICIO DE SEGURIDAD AEROPORTUARIA,30000,Mayo,2026
AEROPUERTO INT. JOAQUIN BALAGUER,SERVICIO DE SEGURIDAD AEROPORTUARIA,30000,Mayo,2026
AEROPUERTO INT. JOAQUIN BALAGUER,SERVICIO DE SEGURIDAD AEROPORTUARIA,30000,Mayo,2026
AEROPUERTO INT. JOAQUIN BALAGUER,SERVICIO DE SEGURIDAD AEROPORTUARIA,30000,Mayo,2026
AEROPUERTO INT. DE LA ROMANA,DIRECTOR DE SEGURIDAD DE AEROPUERTO (SIERRA-1),90000,Mayo,2026
AEROPUERTO INT. DE LA ROMANA,SUB-DIRECTOR DISCIPLINARIO,70000,Mayo,2026
AEROPUERTO INT. DE LA ROMANA,SUB-DIRECTOR DE OPERACIONES,70000,Mayo,2026
AEROPUERTO INT. DE LA ROMANA,ENC. DEPTO. DE RECURSOS HUMANOS,35000,Mayo,2026
AEROPUERTO INT. DE LA ROMANA,ENC. DIV. DE LA TERMINAL DE CARGA,25000,Mayo,2026
AEROPUERTO INT. DE LA ROMANA,ENC. DIV. DE PLANES Y PROGRAMAS,25000,Mayo,2026
AEROPUERTO INT. DE LA ROMANA,ENC. SECC. DE EVALUACION,35000,Mayo,2026
AEROPUERTO INT. DE LA ROMANA,ENC. SECC. DE INTELIGENCIA,15000,Mayo,2026
AEROPUERTO INT. DE LA ROMANA,ENC. SECC. DE INTELIGENCIA,15000,Mayo,2026
AEROPUERTO INT. DE LA ROMANA,ENC. SECC. DE PROPIEDADES,15000,Mayo,2026
AEROPUERTO INT. DE LA ROMANA,ENC. SECC. DE SEGUIMIENTO,35000,Mayo,2026
AEROPUERTO INT. DE LA ROMANA,ENC. SECC. DETECCION DE EXPLOSIVOS,28000,Mayo,2026
AEROPUERTO INT. DE LA ROMANA,ENC. SECC. FISCALIZACION,15000,Mayo,2026
AEROPUERTO INT. DE LA ROMANA,ENC. SECC. LEGAL AVSEC Y SECRETARIO DEL COMITÉ,20000,Mayo,2026
AEROPUERTO INT. DE LA ROMANA,AUX. SECC. DE FISCALIZACION,20300,Mayo,2026
AEROPUERTO INT. DE LA ROMANA,AUXILIAR ADMINISTRATIVA,30000,Mayo,2026
AEROPUERTO INT. DE LA ROMANA,AUXILIAR DE SECC. PRUEBAS DE DOPAJE,20300,Mayo,2026
AEROPUERTO INT. DE LA ROMANA,AUXILIAR DE VALIDACION,14000,Mayo,2026
AEROPUERTO INT. DE LA ROMANA,AUXILIAR NIVEL 1 (ABOGADO),14000,Mayo,2026
AEROPUERTO INT. DE LA ROMANA,AUXILIAR SECC. DE VALIDACION,30000,Mayo,2026
AEROPUERTO INT. DE LA ROMANA,MANEJADOR K-9 EN LA SECCION DE DETECCION DE EXPLOSIVOS,21500,Mayo,2026
AEROPUERTO INT. DE LA ROMANA,MANEJADOR K-9 EN LA SECCION DE DETECCION DE EXPLOSIVOS,19000,Mayo,2026
AEROPUERTO INT. DE LA ROMANA,MANEJADOR K-9 EN LA SECCION DE DETECCIÓN DE EXPLOSIVOS,27650,Mayo,2026
AEROPUERTO INT. DE LA ROMANA,MANEJADOR K-9 EN LA SECCION DE DETECCIÓN DE EXPLOSIVOS,27650,Mayo,2026
AEROPUERTO INT. DE LA ROMANA,MANEJADOR K-9 EN LA SECCION DE DETECCIÓN DE EXPLOSIVOS,32650,Mayo,2026
AEROPUERTO INT. DE LA ROMANA,SUPERVISOR EN EL C-4,21500,Mayo,2026
AEROPUERTO INT. DE LA ROMANA,SUPERVISOR C-3,21500,Mayo,2026
AEROPUERTO INT. DE LA ROMANA,SUPERVISOR C-3,21500,Mayo,2026
AEROPUERTO INT. DE LA ROMANA,OPERADOR DEL C-3,25000,Mayo,2026
AEROPUERTO INT. DE LA ROMANA,OPERADOR DEL C-3,30000,Mayo,2026
AEROPUERTO INT. DE LA ROMANA,OPERADOR DEL C-3,19500,Mayo,2026
AEROPUERTO INT. DE LA ROMANA,OPERADOR DEL C-3,19500,Mayo,2026
AEROPUERTO INT. DE LA ROMANA,OPERADOR DEL C-3,30000,Mayo,2026
AEROPUERTO INT. DE LA ROMANA,OPERADOR DE RADIO,8500,Mayo,2026
AEROPUERTO INT. DE LA ROMANA,CHOFER NIVEL 1 (VEHICULOS PESADOS Y TRANSPORTE COLECTIVO),20000,Mayo,2026
AEROPUERTO INT. DE LA ROMANA,COCINERO (A),12500,Mayo,2026
AEROPUERTO INT. DE LA ROMANA,COCINERO (A),12500,Mayo,2026
AEROPUERTO INT. DE LA ROMANA,OFICIAL SUPERVISOR DE SERV. TERMINAL PASAJERO,20000,Mayo,2026
AEROPUERTO INT. DE LA ROMANA,SERVICIO DE SEGURIDAD AEROPORTUARIA,14000,Mayo,2026
AEROPUERTO INT. DE LA ROMANA,SERVICIO DE SEGURIDAD AEROPORTUARIA,14000,Mayo,2026
AEROPUERTO INT. DE LA ROMANA,SERVICIO DE SEGURIDAD AEROPORTUARIA,14000,Mayo,2026
AEROPUERTO INT. DE LA ROMANA,SERVICIO DE SEGURIDAD AEROPORTUARIA,14000,Mayo,2026
AEROPUERTO INT. DE LA ROMANA,SERVICIO DE SEGURIDAD AEROPORTUARIA,14000,Mayo,2026
AEROPUERTO INT. DE LA ROMANA,SERVICIO DE SEGURIDAD AEROPORTUARIA,14000,Mayo,2026
AEROPUERTO INT. DE LA ROMANA,SERVICIO DE SEGURIDAD AEROPORTUARIA,30000,Mayo,2026
AEROPUERTO INT. DE LA ROMANA,SERVICIO DE SEGURIDAD AEROPORTUARIA,30000,Mayo,2026
AEROPUERTO INT. DE LA ROMANA,SERVICIO DE SEGURIDAD AEROPORTUARIA,30000,Mayo,2026
AEROPUERTO INT. DE LA ROMANA,SERVICIO DE SEGURIDAD AEROPORTUARIA,30000,Mayo,2026
AEROPUERTO INT. DE LA ROMANA,SERVICIO DE SEGURIDAD AEROPORTUARIA,30000,Mayo,2026
AEROPUERTO INT. DE LA ROMANA,SERVICIO DE SEGURIDAD AEROPORTUARIA,30000,Mayo,2026
AEROPUERTO INT. DE LA ROMANA,SERVICIO DE SEGURIDAD AEROPORTUARIA,30000,Mayo,2026
AEROPUERTO INT. DE LA ROMANA,SERVICIO DE SEGURIDAD AEROPORTUARIA,30000,Mayo,2026
AEROPUERTO INT. DE LA ROMANA,SERVICIO DE SEGURIDAD AEROPORTUARIA,30000,Mayo,2026
AEROPUERTO INT. DE LA ROMANA,SERVICIO DE SEGURIDAD AEROPORTUARIA,14000,Mayo,2026
AEROPUERTO INT. DE LA ROMANA,SERVICIO DE SEGURIDAD AEROPORTUARIA,20000,Mayo,2026
AEROPUERTO INT. DE LA ROMANA,SERVICIO DE SEGURIDAD AEROPORTUARIA,25000,Mayo,2026
AEROPUERTO INT. DE LA ROMANA,SERVICIO DE SEGURIDAD AEROPORTUARIA,21500,Mayo,2026
AEROPUERTO INT. DE LA ROMANA,SERVICIO DE SEGURIDAD AEROPORTUARIA,21500,Mayo,2026
AEROPUERTO INT. DE LA ROMANA,SERVICIO DE SEGURIDAD AEROPORTUARIA,21500,Mayo,2026
AEROPUERTO INT. DE LA ROMANA,SERVICIO DE SEGURIDAD AEROPORTUARIA,21500,Mayo,2026
AEROPUERTO INT. DE LA ROMANA,SERVICIO DE SEGURIDAD AEROPORTUARIA,21500,Mayo,2026
AEROPUERTO INT. DE LA ROMANA,SERVICIO DE SEGURIDAD AEROPORTUARIA,14000,Mayo,2026
AEROPUERTO INT. DE LA ROMANA,SERVICIO DE SEGURIDAD AEROPORTUARIA,14000,Mayo,2026
AEROPUERTO INT. DE LA ROMANA,SERVICIO DE SEGURIDAD AEROPORTUARIA,14000,Mayo,2026
AEROPUERTO INT. DE LA ROMANA,SERVICIO DE SEGURIDAD AEROPORTUARIA,14000,Mayo,2026
AEROPUERTO INT. DE LA ROMANA,SERVICIO DE SEGURIDAD AEROPORTUARIA,14000,Mayo,2026
AEROPUERTO INT. DE LA ROMANA,SERVICIO DE SEGURIDAD AEROPORTUARIA,14000,Mayo,2026
AEROPUERTO INT. DE LA ROMANA,SERVICIO DE SEGURIDAD AEROPORTUARIA,14000,Mayo,2026
AEROPUERTO INT. DE LA ROMANA,SERVICIO DE SEGURIDAD AEROPORTUARIA,14000,Mayo,2026
AEROPUERTO INT. DE LA ROMANA,SERVICIO DE SEGURIDAD AEROPORTUARIA,14000,Mayo,2026
AEROPUERTO INT. DE LA ROMANA,SERVICIO DE SEGURIDAD AEROPORTUARIA,14000,Mayo,2026
AEROPUERTO INT. DE LA ROMANA,SERVICIO DE SEGURIDAD AEROPORTUARIA,14000,Mayo,2026
AEROPUERTO INT. DE LA ROMANA,SERVICIO DE SEGURIDAD AEROPORTUARIA,14000,Mayo,2026
AEROPUERTO INT. DE LA ROMANA,SERVICIO DE SEGURIDAD AEROPORTUARIA,14000,Mayo,2026
AEROPUERTO INT. DE LA ROMANA,SERVICIO DE SEGURIDAD AEROPORTUARIA,14000,Mayo,2026
AEROPUERTO INT. DE LA ROMANA,SERVICIO DE SEGURIDAD AEROPORTUARIA,14000,Mayo,2026
AEROPUERTO INT. DE LA ROMANA,SERVICIO DE SEGURIDAD AEROPORTUARIA,14000,Mayo,2026
AEROPUERTO INT. DE LA ROMANA,SERVICIO DE SEGURIDAD AEROPORTUARIA,14000,Mayo,2026
AEROPUERTO INT. DE LA ROMANA,SERVICIO DE SEGURIDAD AEROPORTUARIA,14000,Mayo,2026
AEROPUERTO INT. DE LA ROMANA,SERVICIO DE SEGURIDAD AEROPORTUARIA,14000,Mayo,2026
AEROPUERTO INT. DE LA ROMANA,SERVICIO DE SEGURIDAD AEROPORTUARIA,14000,Mayo,2026
AEROPUERTO INT. DE LA ROMANA,SERVICIO DE SEGURIDAD AEROPORTUARIA,14000,Mayo,2026
AEROPUERTO INT. DE LA ROMANA,SERVICIO DE SEGURIDAD AEROPORTUARIA,25000,Mayo,2026
AEROPUERTO INT. DE LA ROMANA,SERVICIO DE SEGURIDAD AEROPORTUARIA,25000,Mayo,2026
AEROPUERTO INT. DE LA ROMANA,SERVICIO DE SEGURIDAD AEROPORTUARIA,25000,Mayo,2026
AEROPUERTO INT. DE LA ROMANA,SERVICIO DE SEGURIDAD AEROPORTUARIA,25000,Mayo,2026
AEROPUERTO INT. DE LA ROMANA,SERVICIO DE SEGURIDAD AEROPORTUARIA,25000,Mayo,2026
AEROPUERTO INT. DE LA ROMANA,SERVICIO DE SEGURIDAD AEROPORTUARIA,25000,Mayo,2026
AEROPUERTO INT. DE LA ROMANA,SERVICIO DE SEGURIDAD AEROPORTUARIA,25000,Mayo,2026
AEROPUERTO INT. DE LA ROMANA,SERVICIO DE SEGURIDAD AEROPORTUARIA,25000,Mayo,2026
AEROPUERTO INT. DE LA ROMANA,SERVICIO DE SEGURIDAD AEROPORTUARIA,25000,Mayo,2026
AEROPUERTO INT. DE LA ROMANA,SERVICIO DE SEGURIDAD AEROPORTUARIA,14000,Mayo,2026
AEROPUERTO INT. DE LA ROMANA,SERVICIO DE SEGURIDAD AEROPORTUARIA,25000,Mayo,2026
AEROPUERTO INT. DE LA ROMANA,SERVICIO DE SEGURIDAD AEROPORTUARIA,14000,Mayo,2026
AEROPUERTO INT. DE LA ROMANA,SERVICIO DE SEGURIDAD AEROPORTUARIA,14000,Mayo,2026
AEROPUERTO INT. DE LA ROMANA,SERVICIO DE SEGURIDAD AEROPORTUARIA,21500,Mayo,2026
AEROPUERTO INT. DE LA ROMANA,SERVICIO DE SEGURIDAD AEROPORTUARIA,30000,Mayo,2026
AEROPUERTO INT. DE LA ROMANA,SERVICIO DE SEGURIDAD AEROPORTUARIA,30000,Mayo,2026
AEROPUERTO INT. DE LA ROMANA,SERVICIO DE SEGURIDAD AEROPORTUARIA,30000,Mayo,2026
AEROPUERTO INT. DE LA ROMANA,SERVICIO DE SEGURIDAD AEROPORTUARIA,30000,Mayo,2026
AEROPUERTO INT. DE LA ROMANA,SERVICIO DE SEGURIDAD AEROPORTUARIA,30000,Mayo,2026
AEROPUERTO INT. DE LA ROMANA,SERVICIO DE SEGURIDAD AEROPORTUARIA,30000,Mayo,2026
AEROPUERTO INT. DE LA ROMANA,SERVICIO DE SEGURIDAD AEROPORTUARIA,30000,Mayo,2026
AEROPUERTO INT. DE LA ROMANA,SERVICIO DE SEGURIDAD AEROPORTUARIA,30000,Mayo,2026
AEROPUERTO INT. DE LA ROMANA,SERVICIO DE SEGURIDAD AEROPORTUARIA,30000,Mayo,2026
AEROPUERTO INT. DE LA ROMANA,SERVICIO DE SEGURIDAD AEROPORTUARIA,30000,Mayo,2026
AEROPUERTO INT. DE LA ROMANA,SERVICIO DE SEGURIDAD AEROPORTUARIA,30000,Mayo,2026
AEROPUERTO INT. DE LA ROMANA,SERVICIO DE SEGURIDAD AEROPORTUARIA,30000,Mayo,2026
AEROPUERTO INT. DE LA ROMANA,SERVICIO DE SEGURIDAD AEROPORTUARIA,30000,Mayo,2026
AEROPUERTO INT. DE LA ROMANA,SERVICIO DE SEGURIDAD AEROPORTUARIA,14000,Mayo,2026
AEROPUERTO INT. DE LA ROMANA,SERVICIO DE SEGURIDAD AEROPORTUARIA,14000,Mayo,2026
AEROPUERTO INT. DE LA ROMANA,SERVICIO DE SEGURIDAD AEROPORTUARIA,14000,Mayo,2026
AEROPUERTO INT. DE LA ROMANA,SERVICIO DE SEGURIDAD AEROPORTUARIA,14000,Mayo,2026
AEROPUERTO INT. DE LA ROMANA,SERVICIO DE SEGURIDAD AEROPORTUARIA,14000,Mayo,2026
AEROPUERTO INT. DE LA ROMANA,SERVICIO DE SEGURIDAD AEROPORTUARIA,14000,Mayo,2026
AEROPUERTO INT. DE LA ROMANA,SERVICIO DE SEGURIDAD AEROPORTUARIA,14000,Mayo,2026
AEROPUERTO INT. DE PUNTA CANA,DIRECTOR DE SEGURIDAD DE AEROPUERTO (SIERRA-1),120000,Mayo,2026
AEROPUERTO INT. DE PUNTA CANA,SUB-DIRECTOR DISCIPLINARIO,70000,Mayo,2026
AEROPUERTO INT. DE PUNTA CANA,SUB-DIRECTOR DE OPERACIONES,70000,Mayo,2026
AEROPUERTO INT. DE PUNTA CANA,SUB-DIRECTOR DE INTELIGENCIA,70000,Mayo,2026
AEROPUERTO INT. DE PUNTA CANA,SUB-DIRECTOR DE RECURSOS HUMANOS,70000,Mayo,2026
AEROPUERTO INT. DE PUNTA CANA,SUB-DIRECTOR TERMINAL DE CARGA,70000,Mayo,2026
AEROPUERTO INT. DE PUNTA CANA,SUB-DIRECTOR TERMINAL DE CARGA,70000,Mayo,2026
AEROPUERTO INT. DE PUNTA CANA,ENC. DIV. DE INTELIGENCIA,25000,Mayo,2026
AEROPUERTO INT. DE PUNTA CANA,ENC. DIV. DE TERMINAL DE CARGA,25000,Mayo,2026
AEROPUERTO INT. DE PUNTA CANA,ENC. DIVISION DE PLANES Y PROGRAMAS (S-3A),25000,Mayo,2026
AEROPUERTO INT. DE PUNTA CANA,SUB-ENCARGADO TERMINAL DE CARGA,25000,Mayo,2026
AEROPUERTO INT. DE PUNTA CANA,SUB-ENCARGADO TERMINAL DE CARGA,25000,Mayo,2026
AEROPUERTO INT. DE PUNTA CANA,ENC. SECC. CENTRO DE COMANDO CONTROL C-4,21500,Mayo,2026
AEROPUERTO INT. DE PUNTA CANA,ENC. SECC. DE ENTRENAMIENTO,25000,Mayo,2026
AEROPUERTO INT. DE PUNTA CANA,ENC. SECC. DE EVALUACION,21500,Mayo,2026
AEROPUERTO INT. DE PUNTA CANA,ENC. SECC. DE INTELIGENCIA,15000,Mayo,2026
AEROPUERTO INT. DE PUNTA CANA,ENC. SECC. DE INTELIGENCIA,30000,Mayo,2026
AEROPUERTO INT. DE PUNTA CANA,ENC. SECC. DE PROPIEDADES,21500,Mayo,2026
AEROPUERTO INT. DE PUNTA CANA,ENC. SECC. DE RECURSOS HUMANOS,15000,Mayo,2026
AEROPUERTO INT. DE PUNTA CANA,ENC. SECC. DE SEGUIMIENTO,21500,Mayo,2026
AEROPUERTO INT. DE PUNTA CANA,ENC. SECC. DE SOPORTE TECNICO Y MANTENIMIENTO C-4,30000,Mayo,2026
AEROPUERTO INT. DE PUNTA CANA,ENC. SECC. DE VALIDACION,15000,Mayo,2026
AEROPUERTO INT. DE PUNTA CANA,ENC. SECC. DETECC. EXPLOS. K-9,28000,Mayo,2026
AEROPUERTO INT. DE PUNTA CANA,ENC. SECC. LEGAL AVSEC Y SECRETARIO DEL COMITÉ,20000,Mayo,2026
AEROPUERTO INT. DE PUNTA CANA,ENC. SECCION DE FISCALIZACIÓN,16840,Mayo,2026
AEROPUERTO INT. DE PUNTA CANA,ENC. UNIDAD DE COMUNICACIONES,10000,Mayo,2026
AEROPUERTO INT. DE PUNTA CANA,AUX. SECC. FISCALIZACION,13500,Mayo,2026
AEROPUERTO INT. DE PUNTA CANA,AUXILIAR DE INTELIGENCIA,30000,Mayo,2026
AEROPUERTO INT. DE PUNTA CANA,AUXILIAR DE LA SUB-DIRECCION DE OPERACIONES AVSEC,35000,Mayo,2026
AEROPUERTO INT. DE PUNTA CANA,AUXILIAR DE PRUEBA DE DOPAJE,15000,Mayo,2026
AEROPUERTO INT. DE PUNTA CANA,AUXILIAR DIV. DE EVALUACION DE CERTIFICACION,30000,Mayo,2026
AEROPUERTO INT. DE PUNTA CANA,AUXILIAR SUB-DIRECCION DE INTELIGENCIA,14000,Mayo,2026
AEROPUERTO INT. DE PUNTA CANA,AUXILIAR SUB-DIRECCION DE INTELIGENCIA,25000,Mayo,2026
AEROPUERTO INT. DE PUNTA CANA,AUXILIAR SUB-DIRECCION DE OPERACIONES AVSEC,35000,Mayo,2026
AEROPUERTO INT. DE PUNTA CANA,GERENTE AVSEC,25000,Mayo,2026
AEROPUERTO INT. DE PUNTA CANA,MANEJADOR K-9 EN LA SECCION DE DETECCION DE EXPLOSIVOS,21500,Mayo,2026
AEROPUERTO INT. DE PUNTA CANA,MANEJADOR K-9 EN LA SECCION DE DETECCION DE EXPLOSIVOS,21500,Mayo,2026
AEROPUERTO INT. DE PUNTA CANA,MANEJADOR K-9 EN LA SECCION DE DETECCION DE EXPLOSIVOS,21500,Mayo,2026
AEROPUERTO INT. DE PUNTA CANA,MANEJADOR K-9 EN LA SECCION DE DETECCION DE EXPLOSIVOS,19000,Mayo,2026
AEROPUERTO INT. DE PUNTA CANA,MANEJADOR K-9 EN LA SECCION DE DETECCION DE EXPLOSIVOS,19000,Mayo,2026
AEROPUERTO INT. DE PUNTA CANA,MANEJADOR K-9 EN LA SECCION DE DETECCION DE EXPLOSIVOS,19000,Mayo,2026
AEROPUERTO INT. DE PUNTA CANA,MANEJADOR K-9 EN LA SECCION DE DETECCION DE EXPLOSIVOS,19000,Mayo,2026
AEROPUERTO INT. DE PUNTA CANA,MANEJADOR K-9 EN LA SECCION DE DETECCIÓN DE EXPLOSIVOS,30000,Mayo,2026
AEROPUERTO INT. DE PUNTA CANA,MANEJADOR K-9 EN LA SECCION DE DETECCIÓN DE EXPLOSIVOS,30000,Mayo,2026
AEROPUERTO INT. DE PUNTA CANA,MANEJADOR K-9 EN LA SECCION DE DETECCIÓN DE EXPLOSIVOS,35000,Mayo,2026
AEROPUERTO INT. DE PUNTA CANA,MANEJADOR K-9 EN LA SECCION DE DETECCIÓN DE EXPLOSIVOS,32650,Mayo,2026
AEROPUERTO INT. DE PUNTA CANA,MANEJADOR K-9 EN LA SECCION DE DETECCIÓN DE EXPLOSIVOS,34500,Mayo,2026
AEROPUERTO INT. DE PUNTA CANA,MANEJADOR K-9 EN LA SECCION DE DETECCIÓN DE EXPLOSIVOS,32650,Mayo,2026
AEROPUERTO INT. DE PUNTA CANA,MANEJADOR K-9 EN LA SECCION DE DETECCIÓN DE EXPLOSIVOS,35000,Mayo,2026
AEROPUERTO INT. DE PUNTA CANA,MANEJADOR K-9 EN LA SECCION DE DETECCIÓN DE EXPLOSIVOS,35000,Mayo,2026
AEROPUERTO INT. DE PUNTA CANA,SUPERVISOR AVSEC,21500,Mayo,2026
AEROPUERTO INT. DE PUNTA CANA,SUPERVISOR AVSEC,21500,Mayo,2026
AEROPUERTO INT. DE PUNTA CANA,OPERADOR C-3,14000,Mayo,2026
AEROPUERTO INT. DE PUNTA CANA,OPERADOR C-3,14000,Mayo,2026
AEROPUERTO INT. DE PUNTA CANA,OPERADOR C-3,30000,Mayo,2026
AEROPUERTO INT. DE PUNTA CANA,OPERADOR DEL C-3,14000,Mayo,2026
AEROPUERTO INT. DE PUNTA CANA,OPERADOR DEL C-3,30000,Mayo,2026
AEROPUERTO INT. DE PUNTA CANA,OPERADOR DEL C-3,30000,Mayo,2026
AEROPUERTO INT. DE PUNTA CANA,OPERADOR DE RADIO,25000,Mayo,2026
AEROPUERTO INT. DE PUNTA CANA,MEDICO DE SERV. SEDE PRINCIPAL,20300,Mayo,2026
AEROPUERTO INT. DE PUNTA CANA,BIOANALISTA,20300,Mayo,2026
AEROPUERTO INT. DE PUNTA CANA,BIOANALISTA,20300,Mayo,2026
AEROPUERTO INT. DE PUNTA CANA,AYUDANTE DEL DIRECTOR DE SEGURIDAD,30000,Mayo,2026
AEROPUERTO INT. DE PUNTA CANA,COCINERO (A),12500,Mayo,2026
AEROPUERTO INT. DE PUNTA CANA,COCINERO (A),10000,Mayo,2026
AEROPUERTO INT. DE PUNTA CANA,SERVICIO DE SEGURIDAD AEROPORTUARIA,14000,Mayo,2026
AEROPUERTO INT. DE PUNTA CANA,SERVICIO DE SEGURIDAD AEROPORTUARIA,14000,Mayo,2026
AEROPUERTO INT. DE PUNTA CANA,SERVICIO DE SEGURIDAD AEROPORTUARIA,14000,Mayo,2026
AEROPUERTO INT. DE PUNTA CANA,SERVICIO DE SEGURIDAD AEROPORTUARIA,14000,Mayo,2026
AEROPUERTO INT. DE PUNTA CANA,SERVICIO DE SEGURIDAD AEROPORTUARIA,14000,Mayo,2026
AEROPUERTO INT. DE PUNTA CANA,SERVICIO DE SEGURIDAD AEROPORTUARIA,14000,Mayo,2026
AEROPUERTO INT. DE PUNTA CANA,SERVICIO DE SEGURIDAD AEROPORTUARIA,14000,Mayo,2026
AEROPUERTO INT. DE PUNTA CANA,SERVICIO DE SEGURIDAD AEROPORTUARIA,14000,Mayo,2026
AEROPUERTO INT. DE PUNTA CANA,SERVICIO DE SEGURIDAD AEROPORTUARIA,14000,Mayo,2026
AEROPUERTO INT. DE PUNTA CANA,SERVICIO DE SEGURIDAD AEROPORTUARIA,14000,Mayo,2026
AEROPUERTO INT. DE PUNTA CANA,SERVICIO DE SEGURIDAD AEROPORTUARIA,14000,Mayo,2026
AEROPUERTO INT. DE PUNTA CANA,SERVICIO DE SEGURIDAD AEROPORTUARIA,14000,Mayo,2026
AEROPUERTO INT. DE PUNTA CANA,SERVICIO DE SEGURIDAD AEROPORTUARIA,14000,Mayo,2026
AEROPUERTO INT. DE PUNTA CANA,SERVICIO DE SEGURIDAD AEROPORTUARIA,14000,Mayo,2026
AEROPUERTO INT. DE PUNTA CANA,SERVICIO DE SEGURIDAD AEROPORTUARIA,14000,Mayo,2026
AEROPUERTO INT. DE PUNTA CANA,SERVICIO DE SEGURIDAD AEROPORTUARIA,14000,Mayo,2026
AEROPUERTO INT. DE PUNTA CANA,SERVICIO DE SEGURIDAD AEROPORTUARIA,14000,Mayo,2026
AEROPUERTO INT. DE PUNTA CANA,SERVICIO DE SEGURIDAD AEROPORTUARIA,14000,Mayo,2026
AEROPUERTO INT. DE PUNTA CANA,SERVICIO DE SEGURIDAD AEROPORTUARIA,14000,Mayo,2026
AEROPUERTO INT. DE PUNTA CANA,SERVICIO DE SEGURIDAD AEROPORTUARIA,14000,Mayo,2026
AEROPUERTO INT. DE PUNTA CANA,SERVICIO DE SEGURIDAD AEROPORTUARIA,14000,Mayo,2026
AEROPUERTO INT. DE PUNTA CANA,SERVICIO DE SEGURIDAD AEROPORTUARIA,14000,Mayo,2026
AEROPUERTO INT. DE PUNTA CANA,SERVICIO DE SEGURIDAD AEROPORTUARIA,14000,Mayo,2026
AEROPUERTO INT. DE PUNTA CANA,SERVICIO DE SEGURIDAD AEROPORTUARIA,14000,Mayo,2026
AEROPUERTO INT. DE PUNTA CANA,SERVICIO DE SEGURIDAD AEROPORTUARIA,14000,Mayo,2026
AEROPUERTO INT. DE PUNTA CANA,SERVICIO DE SEGURIDAD AEROPORTUARIA,14000,Mayo,2026
AEROPUERTO INT. DE PUNTA CANA,SERVICIO DE SEGURIDAD AEROPORTUARIA,14000,Mayo,2026
AEROPUERTO INT. DE PUNTA CANA,SERVICIO DE SEGURIDAD AEROPORTUARIA,14000,Mayo,2026
AEROPUERTO INT. DE PUNTA CANA,SERVICIO DE SEGURIDAD AEROPORTUARIA,14000,Mayo,2026
AEROPUERTO INT. DE PUNTA CANA,SERVICIO DE SEGURIDAD AEROPORTUARIA,14000,Mayo,2026
AEROPUERTO INT. DE PUNTA CANA,SERVICIO DE SEGURIDAD AEROPORTUARIA,14000,Mayo,2026
AEROPUERTO INT. DE PUNTA CANA,SERVICIO DE SEGURIDAD AEROPORTUARIA,14000,Mayo,2026
AEROPUERTO INT. DE PUNTA CANA,SERVICIO DE SEGURIDAD AEROPORTUARIA,14000,Mayo,2026
AEROPUERTO INT. DE PUNTA CANA,SERVICIO DE SEGURIDAD AEROPORTUARIA,14000,Mayo,2026
AEROPUERTO INT. DE PUNTA CANA,SERVICIO DE SEGURIDAD AEROPORTUARIA,14000,Mayo,2026
AEROPUERTO INT. DE PUNTA CANA,SERVICIO DE SEGURIDAD AEROPORTUARIA,14000,Mayo,2026
AEROPUERTO INT. DE PUNTA CANA,SERVICIO DE SEGURIDAD AEROPORTUARIA,14000,Mayo,2026
AEROPUERTO INT. DE PUNTA CANA,SERVICIO DE SEGURIDAD AEROPORTUARIA,14000,Mayo,2026
AEROPUERTO INT. DE PUNTA CANA,SERVICIO DE SEGURIDAD AEROPORTUARIA,14000,Mayo,2026
AEROPUERTO INT. DE PUNTA CANA,SERVICIO DE SEGURIDAD AEROPORTUARIA,14000,Mayo,2026
AEROPUERTO INT. DE PUNTA CANA,SERVICIO DE SEGURIDAD AEROPORTUARIA,14000,Mayo,2026
AEROPUERTO INT. DE PUNTA CANA,SERVICIO DE SEGURIDAD AEROPORTUARIA,14000,Mayo,2026
AEROPUERTO INT. DE PUNTA CANA,SERVICIO DE SEGURIDAD AEROPORTUARIA,14000,Mayo,2026
AEROPUERTO INT. DE PUNTA CANA,SERVICIO DE SEGURIDAD AEROPORTUARIA,14000,Mayo,2026
AEROPUERTO INT. DE PUNTA CANA,SERVICIO DE SEGURIDAD AEROPORTUARIA,14000,Mayo,2026
AEROPUERTO INT. DE PUNTA CANA,SERVICIO DE SEGURIDAD AEROPORTUARIA,14000,Mayo,2026
AEROPUERTO INT. DE PUNTA CANA,SERVICIO DE SEGURIDAD AEROPORTUARIA,14000,Mayo,2026
AEROPUERTO INT. DE PUNTA CANA,SERVICIO DE SEGURIDAD AEROPORTUARIA,14000,Mayo,2026
AEROPUERTO INT. DE PUNTA CANA,SERVICIO DE SEGURIDAD AEROPORTUARIA,14000,Mayo,2026
AEROPUERTO INT. DE PUNTA CANA,SERVICIO DE SEGURIDAD AEROPORTUARIA,14000,Mayo,2026
AEROPUERTO INT. DE PUNTA CANA,SERVICIO DE SEGURIDAD AEROPORTUARIA,14000,Mayo,2026
AEROPUERTO INT. DE PUNTA CANA,SERVICIO DE SEGURIDAD AEROPORTUARIA,14000,Mayo,2026
AEROPUERTO INT. DE PUNTA CANA,SERVICIO DE SEGURIDAD AEROPORTUARIA,14000,Mayo,2026
AEROPUERTO INT. DE PUNTA CANA,SERVICIO DE SEGURIDAD AEROPORTUARIA,14000,Mayo,2026
AEROPUERTO INT. DE PUNTA CANA,SERVICIO DE SEGURIDAD AEROPORTUARIA,14000,Mayo,2026
AEROPUERTO INT. DE PUNTA CANA,SERVICIO DE SEGURIDAD AEROPORTUARIA,14000,Mayo,2026
AEROPUERTO INT. DE PUNTA CANA,SERVICIO DE SEGURIDAD AEROPORTUARIA,14000,Mayo,2026
AEROPUERTO INT. DE PUNTA CANA,SERVICIO DE SEGURIDAD AEROPORTUARIA,14000,Mayo,2026
AEROPUERTO INT. DE PUNTA CANA,SERVICIO DE SEGURIDAD AEROPORTUARIA,14000,Mayo,2026
AEROPUERTO INT. DE PUNTA CANA,SERVICIO DE SEGURIDAD AEROPORTUARIA,14000,Mayo,2026
AEROPUERTO INT. DE PUNTA CANA,SERVICIO DE SEGURIDAD AEROPORTUARIA,14000,Mayo,2026
AEROPUERTO INT. DE PUNTA CANA,SERVICIO DE SEGURIDAD AEROPORTUARIA,14000,Mayo,2026
AEROPUERTO INT. DE PUNTA CANA,SERVICIO DE SEGURIDAD AEROPORTUARIA,14000,Mayo,2026
AEROPUERTO INT. DE PUNTA CANA,SERVICIO DE SEGURIDAD AEROPORTUARIA,14000,Mayo,2026
AEROPUERTO INT. DE PUNTA CANA,SERVICIO DE SEGURIDAD AEROPORTUARIA,14000,Mayo,2026
AEROPUERTO INT. DE PUNTA CANA,SERVICIO DE SEGURIDAD AEROPORTUARIA,14000,Mayo,2026
AEROPUERTO INT. DE PUNTA CANA,SERVICIO DE SEGURIDAD AEROPORTUARIA,14000,Mayo,2026
AEROPUERTO INT. DE PUNTA CANA,SERVICIO DE SEGURIDAD AEROPORTUARIA,14000,Mayo,2026
AEROPUERTO INT. DE PUNTA CANA,SERVICIO DE SEGURIDAD AEROPORTUARIA,14000,Mayo,2026
AEROPUERTO INT. DE PUNTA CANA,SERVICIO DE SEGURIDAD AEROPORTUARIA,14000,Mayo,2026
AEROPUERTO INT. DE PUNTA CANA,SERVICIO DE SEGURIDAD AEROPORTUARIA,14000,Mayo,2026
AEROPUERTO INT. DE PUNTA CANA,SERVICIO DE SEGURIDAD AEROPORTUARIA,14000,Mayo,2026
AEROPUERTO INT. DE PUNTA CANA,SERVICIO DE SEGURIDAD AEROPORTUARIA,30000,Mayo,2026
AEROPUERTO INT. DE PUNTA CANA,SERVICIO DE SEGURIDAD AEROPORTUARIA,30000,Mayo,2026
AEROPUERTO INT. DE PUNTA CANA,SERVICIO DE SEGURIDAD AEROPORTUARIA,30000,Mayo,2026
AEROPUERTO INT. DE PUNTA CANA,SERVICIO DE SEGURIDAD AEROPORTUARIA,30000,Mayo,2026
AEROPUERTO INT. DE PUNTA CANA,SERVICIO DE SEGURIDAD AEROPORTUARIA,30000,Mayo,2026
AEROPUERTO INT. DE PUNTA CANA,SERVICIO DE SEGURIDAD AEROPORTUARIA,30000,Mayo,2026
AEROPUERTO INT. DE PUNTA CANA,SERVICIO DE SEGURIDAD AEROPORTUARIA,30000,Mayo,2026
AEROPUERTO INT. DE PUNTA CANA,SERVICIO DE SEGURIDAD AEROPORTUARIA,30000,Mayo,2026
AEROPUERTO INT. DE PUNTA CANA,SERVICIO DE SEGURIDAD AEROPORTUARIA,30000,Mayo,2026
AEROPUERTO INT. DE PUNTA CANA,SERVICIO DE SEGURIDAD AEROPORTUARIA,30000,Mayo,2026
AEROPUERTO INT. DE PUNTA CANA,SERVICIO DE SEGURIDAD AEROPORTUARIA,30000,Mayo,2026
AEROPUERTO INT. DE PUNTA CANA,SERVICIO DE SEGURIDAD AEROPORTUARIA,30000,Mayo,2026
AEROPUERTO INT. DE PUNTA CANA,SERVICIO DE SEGURIDAD AEROPORTUARIA,30000,Mayo,2026
AEROPUERTO INT. DE PUNTA CANA,SERVICIO DE SEGURIDAD AEROPORTUARIA,30000,Mayo,2026
AEROPUERTO INT. DE PUNTA CANA,SERVICIO DE SEGURIDAD AEROPORTUARIA,30000,Mayo,2026
AEROPUERTO INT. DE PUNTA CANA,SERVICIO DE SEGURIDAD AEROPORTUARIA,30000,Mayo,2026
AEROPUERTO INT. DE PUNTA CANA,SERVICIO DE SEGURIDAD AEROPORTUARIA,30000,Mayo,2026
AEROPUERTO INT. DE PUNTA CANA,SERVICIO DE SEGURIDAD AEROPORTUARIA,30000,Mayo,2026
AEROPUERTO INT. DE PUNTA CANA,SERVICIO DE SEGURIDAD AEROPORTUARIA,30000,Mayo,2026
AEROPUERTO INT. DE PUNTA CANA,SERVICIO DE SEGURIDAD AEROPORTUARIA,30000,Mayo,2026
AEROPUERTO INT. DE PUNTA CANA,SERVICIO DE SEGURIDAD AEROPORTUARIA,30000,Mayo,2026
AEROPUERTO INT. DE PUNTA CANA,SERVICIO DE SEGURIDAD AEROPORTUARIA,30000,Mayo,2026
AEROPUERTO INT. DE PUNTA CANA,SERVICIO DE SEGURIDAD AEROPORTUARIA,30000,Mayo,2026
AEROPUERTO INT. DE PUNTA CANA,SERVICIO DE SEGURIDAD AEROPORTUARIA,30000,Mayo,2026
AEROPUERTO INT. DE PUNTA CANA,SERVICIO DE SEGURIDAD AEROPORTUARIA,30000,Mayo,2026
AEROPUERTO INT. DE PUNTA CANA,SERVICIO DE SEGURIDAD AEROPORTUARIA,30000,Mayo,2026
AEROPUERTO INT. DE PUNTA CANA,SERVICIO DE SEGURIDAD AEROPORTUARIA,30000,Mayo,2026
AEROPUERTO INT. DE PUNTA CANA,SERVICIO DE SEGURIDAD AEROPORTUARIA,30000,Mayo,2026
AEROPUERTO INT. DE PUNTA CANA,SERVICIO DE SEGURIDAD AEROPORTUARIA,30000,Mayo,2026
AEROPUERTO INT. DE PUNTA CANA,SERVICIO DE SEGURIDAD AEROPORTUARIA,14000,Mayo,2026
AEROPUERTO INT. DE PUNTA CANA,SERVICIO DE SEGURIDAD AEROPORTUARIA,25000,Mayo,2026
AEROPUERTO INT. DE PUNTA CANA,SERVICIO DE SEGURIDAD AEROPORTUARIA,14000,Mayo,2026
AEROPUERTO INT. DE PUNTA CANA,SERVICIO DE SEGURIDAD AEROPORTUARIA,14000,Mayo,2026
AEROPUERTO INT. DE PUNTA CANA,SERVICIO DE SEGURIDAD AEROPORTUARIA,14000,Mayo,2026
AEROPUERTO INT. DE PUNTA CANA,SERVICIO DE SEGURIDAD AEROPORTUARIA,25000,Mayo,2026
AEROPUERTO INT. DE PUNTA CANA,SERVICIO DE SEGURIDAD AEROPORTUARIA,25000,Mayo,2026
AEROPUERTO INT. DE PUNTA CANA,SERVICIO DE SEGURIDAD AEROPORTUARIA,14000,Mayo,2026
AEROPUERTO INT. DE PUNTA CANA,SERVICIO DE SEGURIDAD AEROPORTUARIA,21500,Mayo,2026
AEROPUERTO INT. DE PUNTA CANA,SERVICIO DE SEGURIDAD AEROPORTUARIA,21500,Mayo,2026
AEROPUERTO INT. DE PUNTA CANA,SERVICIO DE SEGURIDAD AEROPORTUARIA,25000,Mayo,2026
AEROPUERTO INT. DE PUNTA CANA,SERVICIO DE SEGURIDAD AEROPORTUARIA,21500,Mayo,2026
AEROPUERTO INT. DE PUNTA CANA,SERVICIO DE SEGURIDAD AEROPORTUARIA,21500,Mayo,2026
AEROPUERTO INT. DE PUNTA CANA,SERVICIO DE SEGURIDAD AEROPORTUARIA,21500,Mayo,2026
AEROPUERTO INT. DE PUNTA CANA,SERVICIO DE SEGURIDAD AEROPORTUARIA,21500,Mayo,2026
AEROPUERTO INT. DE PUNTA CANA,SERVICIO DE SEGURIDAD AEROPORTUARIA,21500,Mayo,2026
AEROPUERTO INT. DE PUNTA CANA,SERVICIO DE SEGURIDAD AEROPORTUARIA,21500,Mayo,2026
AEROPUERTO INT. DE PUNTA CANA,SERVICIO DE SEGURIDAD AEROPORTUARIA,21500,Mayo,2026
AEROPUERTO INT. DE PUNTA CANA,SERVICIO DE SEGURIDAD AEROPORTUARIA,21500,Mayo,2026
AEROPUERTO INT. DE PUNTA CANA,SERVICIO DE SEGURIDAD AEROPORTUARIA,21500,Mayo,2026
AEROPUERTO INT. DE PUNTA CANA,SERVICIO DE SEGURIDAD AEROPORTUARIA,21500,Mayo,2026
AEROPUERTO INT. DE PUNTA CANA,SERVICIO DE SEGURIDAD AEROPORTUARIA,21500,Mayo,2026
AEROPUERTO INT. DE PUNTA CANA,SERVICIO DE SEGURIDAD AEROPORTUARIA,21500,Mayo,2026
AEROPUERTO INT. DE PUNTA CANA,SERVICIO DE SEGURIDAD AEROPORTUARIA,21500,Mayo,2026
AEROPUERTO INT. DE PUNTA CANA,SERVICIO DE SEGURIDAD AEROPORTUARIA,21500,Mayo,2026
AEROPUERTO INT. DE PUNTA CANA,SERVICIO DE SEGURIDAD AEROPORTUARIA,21500,Mayo,2026
AEROPUERTO INT. DE PUNTA CANA,SERVICIO DE SEGURIDAD AEROPORTUARIA,14000,Mayo,2026
AEROPUERTO INT. DE PUNTA CANA,SERVICIO DE SEGURIDAD AEROPORTUARIA,14000,Mayo,2026
AEROPUERTO INT. DE PUNTA CANA,SERVICIO DE SEGURIDAD AEROPORTUARIA,30000,Mayo,2026
AEROPUERTO INT. DE PUNTA CANA,SERVICIO DE SEGURIDAD AEROPORTUARIA,14000,Mayo,2026
AEROPUERTO INT. DE PUNTA CANA,SERVICIO DE SEGURIDAD AEROPORTUARIA,14000,Mayo,2026
AEROPUERTO INT. DE PUNTA CANA,SERVICIO DE SEGURIDAD AEROPORTUARIA,14000,Mayo,2026
AEROPUERTO INT. DE PUNTA CANA,SERVICIO DE SEGURIDAD AEROPORTUARIA,14000,Mayo,2026
AEROPUERTO INT. DE PUNTA CANA,SERVICIO DE SEGURIDAD AEROPORTUARIA,14000,Mayo,2026
AEROPUERTO INT. DE PUNTA CANA,SERVICIO DE SEGURIDAD AEROPORTUARIA,14000,Mayo,2026
AEROPUERTO INT. DE PUNTA CANA,SERVICIO DE SEGURIDAD AEROPORTUARIA,14000,Mayo,2026
AEROPUERTO INT. DE PUNTA CANA,SERVICIO DE SEGURIDAD AEROPORTUARIA,14000,Mayo,2026
AEROPUERTO INT. DE PUNTA CANA,SERVICIO DE SEGURIDAD AEROPORTUARIA,14000,Mayo,2026
AEROPUERTO INT. DE PUNTA CANA,SERVICIO DE SEGURIDAD AEROPORTUARIA,14000,Mayo,2026
AEROPUERTO INT. DE PUNTA CANA,SERVICIO DE SEGURIDAD AEROPORTUARIA,14000,Mayo,2026
AEROPUERTO INT. DE PUNTA CANA,SERVICIO DE SEGURIDAD AEROPORTUARIA,14000,Mayo,2026
AEROPUERTO INT. DE PUNTA CANA,SERVICIO DE SEGURIDAD AEROPORTUARIA,14000,Mayo,2026
AEROPUERTO INT. DE PUNTA CANA,SERVICIO DE SEGURIDAD AEROPORTUARIA,14000,Mayo,2026
AEROPUERTO INT. DE PUNTA CANA,SERVICIO DE SEGURIDAD AEROPORTUARIA,14000,Mayo,2026
AEROPUERTO INT. DE PUNTA CANA,SERVICIO DE SEGURIDAD AEROPORTUARIA,14000,Mayo,2026
AEROPUERTO INT. DE PUNTA CANA,SERVICIO DE SEGURIDAD AEROPORTUARIA,14000,Mayo,2026
AEROPUERTO INT. DE PUNTA CANA,SERVICIO DE SEGURIDAD AEROPORTUARIA,14000,Mayo,2026
AEROPUERTO INT. DE PUNTA CANA,SERVICIO DE SEGURIDAD AEROPORTUARIA,14000,Mayo,2026
AEROPUERTO INT. DE PUNTA CANA,SERVICIO DE SEGURIDAD AEROPORTUARIA,14000,Mayo,2026
AEROPUERTO INT. DE PUNTA CANA,SERVICIO DE SEGURIDAD AEROPORTUARIA,14000,Mayo,2026
AEROPUERTO INT. DE PUNTA CANA,SERVICIO DE SEGURIDAD AEROPORTUARIA,14000,Mayo,2026
AEROPUERTO INT. DE PUNTA CANA,SERVICIO DE SEGURIDAD AEROPORTUARIA,14000,Mayo,2026
AEROPUERTO INT. DE PUNTA CANA,SERVICIO DE SEGURIDAD AEROPORTUARIA,14000,Mayo,2026
AEROPUERTO INT. DE PUNTA CANA,SERVICIO DE SEGURIDAD AEROPORTUARIA,14000,Mayo,2026
AEROPUERTO INT. DE PUNTA CANA,SERVICIO DE SEGURIDAD AEROPORTUARIA,14000,Mayo,2026
AEROPUERTO INT. DE PUNTA CANA,SERVICIO DE SEGURIDAD AEROPORTUARIA,14000,Mayo,2026
AEROPUERTO INT. DE PUNTA CANA,SERVICIO DE SEGURIDAD AEROPORTUARIA,14000,Mayo,2026
AEROPUERTO INT. DE PUNTA CANA,SERVICIO DE SEGURIDAD AEROPORTUARIA,14000,Mayo,2026
AEROPUERTO INT. DE PUNTA CANA,SERVICIO DE SEGURIDAD AEROPORTUARIA,14000,Mayo,2026
AEROPUERTO INT. DE PUNTA CANA,SERVICIO DE SEGURIDAD AEROPORTUARIA,14000,Mayo,2026
AEROPUERTO INT. DE PUNTA CANA,SERVICIO DE SEGURIDAD AEROPORTUARIA,14000,Mayo,2026
AEROPUERTO INT. DE PUNTA CANA,SERVICIO DE SEGURIDAD AEROPORTUARIA,14000,Mayo,2026
AEROPUERTO INT. DE PUNTA CANA,SERVICIO DE SEGURIDAD AEROPORTUARIA,14000,Mayo,2026
AEROPUERTO INT. DE PUNTA CANA,SERVICIO DE SEGURIDAD AEROPORTUARIA,14000,Mayo,2026
AEROPUERTO INT. DE PUNTA CANA,SERVICIO DE SEGURIDAD AEROPORTUARIA,14000,Mayo,2026
AEROPUERTO INT. DE PUNTA CANA,SERVICIO DE SEGURIDAD AEROPORTUARIA,14000,Mayo,2026
AEROPUERTO INT. DE PUNTA CANA,SERVICIO DE SEGURIDAD AEROPORTUARIA,14000,Mayo,2026
AEROPUERTO INT. DE PUNTA CANA,SERVICIO DE SEGURIDAD AEROPORTUARIA,14000,Mayo,2026
AEROPUERTO INT. DE PUNTA CANA,SERVICIO DE SEGURIDAD AEROPORTUARIA,14000,Mayo,2026
AEROPUERTO INT. DE PUNTA CANA,SERVICIO DE SEGURIDAD AEROPORTUARIA,14000,Mayo,2026
AEROPUERTO INT. DE PUNTA CANA,SERVICIO DE SEGURIDAD AEROPORTUARIA,14000,Mayo,2026
AEROPUERTO INT. DE PUNTA CANA,SERVICIO DE SEGURIDAD AEROPORTUARIA,14000,Mayo,2026
AEROPUERTO INT. DE PUNTA CANA,SERVICIO DE SEGURIDAD AEROPORTUARIA,14000,Mayo,2026
AEROPUERTO INT. DE PUNTA CANA,SERVICIO DE SEGURIDAD AEROPORTUARIA,14000,Mayo,2026
AEROPUERTO INT. DE PUNTA CANA,SERVICIO DE SEGURIDAD AEROPORTUARIA,14000,Mayo,2026
AEROPUERTO INT. DE PUNTA CANA,SERVICIO DE SEGURIDAD AEROPORTUARIA,14000,Mayo,2026
AEROPUERTO INT. DE PUNTA CANA,SERVICIO DE SEGURIDAD AEROPORTUARIA,14000,Mayo,2026
AEROPUERTO INT. DE PUNTA CANA,SERVICIO DE SEGURIDAD AEROPORTUARIA,14000,Mayo,2026
AEROPUERTO INT. DE PUNTA CANA,SERVICIO DE SEGURIDAD AEROPORTUARIA,14000,Mayo,2026
AEROPUERTO INT. DE PUNTA CANA,SERVICIO DE SEGURIDAD AEROPORTUARIA,14000,Mayo,2026
AEROPUERTO INT. DE PUNTA CANA,SERVICIO DE SEGURIDAD AEROPORTUARIA,14000,Mayo,2026
AEROPUERTO INT. DE PUNTA CANA,SERVICIO DE SEGURIDAD AEROPORTUARIA,14000,Mayo,2026
AEROPUERTO INT. DE PUNTA CANA,SERVICIO DE SEGURIDAD AEROPORTUARIA,14000,Mayo,2026
AEROPUERTO INT. DE PUNTA CANA,SERVICIO DE SEGURIDAD AEROPORTUARIA,14000,Mayo,2026
AEROPUERTO INT. DE PUNTA CANA,SERVICIO DE SEGURIDAD AEROPORTUARIA,14000,Mayo,2026
AEROPUERTO INT. DE PUNTA CANA,SERVICIO DE SEGURIDAD AEROPORTUARIA,14000,Mayo,2026
AEROPUERTO INT. DE PUNTA CANA,SERVICIO DE SEGURIDAD AEROPORTUARIA,14000,Mayo,2026
AEROPUERTO INT. DE PUNTA CANA,SERVICIO DE SEGURIDAD AEROPORTUARIA,14000,Mayo,2026
AEROPUERTO INT. DE PUNTA CANA,SERVICIO DE SEGURIDAD AEROPORTUARIA,14000,Mayo,2026
AEROPUERTO INT. DE PUNTA CANA,SERVICIO DE SEGURIDAD AEROPORTUARIA,14000,Mayo,2026
AEROPUERTO INT. DE PUNTA CANA,SERVICIO DE SEGURIDAD AEROPORTUARIA,14000,Mayo,2026
AEROPUERTO INT. DE PUNTA CANA,SERVICIO DE SEGURIDAD AEROPORTUARIA,14000,Mayo,2026
AEROPUERTO INT. DE PUNTA CANA,SERVICIO DE SEGURIDAD AEROPORTUARIA,14000,Mayo,2026
AEROPUERTO INT. DE PUNTA CANA,SERVICIO DE SEGURIDAD AEROPORTUARIA,14000,Mayo,2026
AEROPUERTO INT. DE PUNTA CANA,SERVICIO DE SEGURIDAD AEROPORTUARIA,14000,Mayo,2026
AEROPUERTO INT. DE PUNTA CANA,SERVICIO DE SEGURIDAD AEROPORTUARIA,14000,Mayo,2026
AEROPUERTO INT. DE PUNTA CANA,SERVICIO DE SEGURIDAD AEROPORTUARIA,14000,Mayo,2026
AEROPUERTO INT. DE PUNTA CANA,SERVICIO DE SEGURIDAD AEROPORTUARIA,14000,Mayo,2026
AEROPUERTO INT. DE PUNTA CANA,SERVICIO DE SEGURIDAD AEROPORTUARIA,14000,Mayo,2026
AEROPUERTO INT. DE PUNTA CANA,SERVICIO DE SEGURIDAD AEROPORTUARIA,14000,Mayo,2026
AEROPUERTO INT. DE PUNTA CANA,SERVICIO DE SEGURIDAD AEROPORTUARIA,14000,Mayo,2026
AEROPUERTO INT. DE PUNTA CANA,SERVICIO DE SEGURIDAD AEROPORTUARIA,14000,Mayo,2026
AEROPUERTO INT. DE PUNTA CANA,SERVICIO DE SEGURIDAD AEROPORTUARIA,14000,Mayo,2026
AEROPUERTO INT. DE PUNTA CANA,SERVICIO DE SEGURIDAD AEROPORTUARIA,14000,Mayo,2026
AEROPUERTO INT. DE PUNTA CANA,SERVICIO DE SEGURIDAD AEROPORTUARIA,14000,Mayo,2026
AEROPUERTO INT. DE PUNTA CANA,SERVICIO DE SEGURIDAD AEROPORTUARIA,14000,Mayo,2026
AEROPUERTO INT. DE PUNTA CANA,SERVICIO DE SEGURIDAD AEROPORTUARIA,14000,Mayo,2026
AEROPUERTO INT. DE PUNTA CANA,SERVICIO DE SEGURIDAD AEROPORTUARIA,14000,Mayo,2026
AEROPUERTO INT. DE PUNTA CANA,SERVICIO DE SEGURIDAD AEROPORTUARIA,14000,Mayo,2026
AEROPUERTO INT. DE PUNTA CANA,SERVICIO DE SEGURIDAD AEROPORTUARIA,14000,Mayo,2026
AEROPUERTO INT. DE PUNTA CANA,SERVICIO DE SEGURIDAD AEROPORTUARIA,14000,Mayo,2026
AEROPUERTO INT. DE PUNTA CANA,SERVICIO DE SEGURIDAD AEROPORTUARIA,14000,Mayo,2026
AEROPUERTO INT. DE PUNTA CANA,SERVICIO DE SEGURIDAD AEROPORTUARIA,14000,Mayo,2026
AEROPUERTO INT. DE PUNTA CANA,SERVICIO DE SEGURIDAD AEROPORTUARIA,14000,Mayo,2026
AEROPUERTO INT. DE PUNTA CANA,SERVICIO DE SEGURIDAD AEROPORTUARIA,14000,Mayo,2026
AEROPUERTO INT. DE PUNTA CANA,SERVICIO DE SEGURIDAD AEROPORTUARIA,14000,Mayo,2026
AEROPUERTO INT. DE PUNTA CANA,SERVICIO DE SEGURIDAD AEROPORTUARIA,14000,Mayo,2026
AEROPUERTO INT. DE PUNTA CANA,SERVICIO DE SEGURIDAD AEROPORTUARIA,14000,Mayo,2026
AEROPUERTO INT. DE PUNTA CANA,SERVICIO DE SEGURIDAD AEROPORTUARIA,14000,Mayo,2026
AEROPUERTO INT. DE PUNTA CANA,SERVICIO DE SEGURIDAD AEROPORTUARIA,14000,Mayo,2026
AEROPUERTO INT. DE PUNTA CANA,SERVICIO DE SEGURIDAD AEROPORTUARIA,14000,Mayo,2026
AEROPUERTO INT. DE PUNTA CANA,SERVICIO DE SEGURIDAD AEROPORTUARIA,14000,Mayo,2026
AEROPUERTO INT. DE PUNTA CANA,SERVICIO DE SEGURIDAD AEROPORTUARIA,14000,Mayo,2026
AEROPUERTO INT. DE PUNTA CANA,SERVICIO DE SEGURIDAD AEROPORTUARIA,14000,Mayo,2026
AEROPUERTO INT. DE PUNTA CANA,SERVICIO DE SEGURIDAD AEROPORTUARIA,14000,Mayo,2026
AEROPUERTO INT. DE PUNTA CANA,SERVICIO DE SEGURIDAD AEROPORTUARIA,14000,Mayo,2026
AEROPUERTO INT. DE PUNTA CANA,SERVICIO DE SEGURIDAD AEROPORTUARIA,14000,Mayo,2026
AEROPUERTO INT. DE PUNTA CANA,SERVICIO DE SEGURIDAD AEROPORTUARIA,14000,Mayo,2026
AEROPUERTO INT. DE PUNTA CANA,SERVICIO DE SEGURIDAD AEROPORTUARIA,14000,Mayo,2026
AEROPUERTO INT. DE PUNTA CANA,SERVICIO DE SEGURIDAD AEROPORTUARIA,14000,Mayo,2026
AEROPUERTO INT. DE PUNTA CANA,SERVICIO DE SEGURIDAD AEROPORTUARIA,14000,Mayo,2026
AEROPUERTO INT. DE PUNTA CANA,SERVICIO DE SEGURIDAD AEROPORTUARIA,14000,Mayo,2026
AEROPUERTO INT. DE PUNTA CANA,SERVICIO DE SEGURIDAD AEROPORTUARIA,14000,Mayo,2026
AEROPUERTO INT. DE PUNTA CANA,SERVICIO DE SEGURIDAD AEROPORTUARIA,14000,Mayo,2026
AEROPUERTO INT. DE PUNTA CANA,SERVICIO DE SEGURIDAD AEROPORTUARIA,14000,Mayo,2026
AEROPUERTO INT. DE PUNTA CANA,SERVICIO DE SEGURIDAD AEROPORTUARIA,14000,Mayo,2026
AEROPUERTO INT. DE PUNTA CANA,SERVICIO DE SEGURIDAD AEROPORTUARIA,14000,Mayo,2026
AEROPUERTO INT. DE PUNTA CANA,SERVICIO DE SEGURIDAD AEROPORTUARIA,14000,Mayo,2026
AEROPUERTO INT. DE PUNTA CANA,SERVICIO DE SEGURIDAD AEROPORTUARIA,14000,Mayo,2026
AEROPUERTO INT. DE PUNTA CANA,SERVICIO DE SEGURIDAD AEROPORTUARIA,14000,Mayo,2026
AEROPUERTO INT. DE PUNTA CANA,SERVICIO DE SEGURIDAD AEROPORTUARIA,14000,Mayo,2026
AEROPUERTO INT. DE PUNTA CANA,SERVICIO DE SEGURIDAD AEROPORTUARIA,14000,Mayo,2026
AEROPUERTO INT. DE PUNTA CANA,SERVICIO DE SEGURIDAD AEROPORTUARIA,14000,Mayo,2026
AEROPUERTO INT. DE PUNTA CANA,SERVICIO DE SEGURIDAD AEROPORTUARIA,14000,Mayo,2026
AEROPUERTO INT. DE PUNTA CANA,SERVICIO DE SEGURIDAD AEROPORTUARIA,14000,Mayo,2026
AEROPUERTO INT. DE PUNTA CANA,SERVICIO DE SEGURIDAD AEROPORTUARIA,14000,Mayo,2026
AEROPUERTO INT. DE PUNTA CANA,SERVICIO DE SEGURIDAD AEROPORTUARIA,14000,Mayo,2026
AEROPUERTO INT. DE PUNTA CANA,SERVICIO DE SEGURIDAD AEROPORTUARIA,14000,Mayo,2026
AEROPUERTO INT. DE PUNTA CANA,SERVICIO DE SEGURIDAD AEROPORTUARIA,14000,Mayo,2026
AEROPUERTO INT. DE PUNTA CANA,SERVICIO DE SEGURIDAD AEROPORTUARIA,14000,Mayo,2026
AEROPUERTO INT. DE PUNTA CANA,SERVICIO DE SEGURIDAD AEROPORTUARIA,14000,Mayo,2026
AEROPUERTO INT. DE PUNTA CANA,SERVICIO DE SEGURIDAD AEROPORTUARIA,27650,Mayo,2026
AEROPUERTO INT. DE PUNTA CANA,SERVICIO DE SEGURIDAD AEROPORTUARIA,27650,Mayo,2026
AEROPUERTO INT. DE PUNTA CANA,SERVICIO DE SEGURIDAD AEROPORTUARIA,25000,Mayo,2026
AEROPUERTO INT. DE PUNTA CANA,SERVICIO DE SEGURIDAD AEROPORTUARIA,25000,Mayo,2026
AEROPUERTO INT. DE PUNTA CANA,SERVICIO DE SEGURIDAD AEROPORTUARIA,25000,Mayo,2026
AEROPUERTO INT. DE PUNTA CANA,SERVICIO DE SEGURIDAD AEROPORTUARIA,27650,Mayo,2026
AEROPUERTO INT. DE PUNTA CANA,SERVICIO DE SEGURIDAD AEROPORTUARIA,25000,Mayo,2026
AEROPUERTO INT. DE PUNTA CANA,SERVICIO DE SEGURIDAD AEROPORTUARIA,25000,Mayo,2026
AEROPUERTO INT. DE PUNTA CANA,SERVICIO DE SEGURIDAD AEROPORTUARIA,25000,Mayo,2026
AEROPUERTO INT. DE PUNTA CANA,SERVICIO DE SEGURIDAD AEROPORTUARIA,25000,Mayo,2026
AEROPUERTO INT. DE PUNTA CANA,SERVICIO DE SEGURIDAD AEROPORTUARIA,25000,Mayo,2026
AEROPUERTO INT. DE PUNTA CANA,SERVICIO DE SEGURIDAD AEROPORTUARIA,25000,Mayo,2026
AEROPUERTO INT. DE PUNTA CANA,SERVICIO DE SEGURIDAD AEROPORTUARIA,25000,Mayo,2026
AEROPUERTO INT. DE PUNTA CANA,SERVICIO DE SEGURIDAD AEROPORTUARIA,25000,Mayo,2026
AEROPUERTO INT. DE PUNTA CANA,SERVICIO DE SEGURIDAD AEROPORTUARIA,25000,Mayo,2026
AEROPUERTO INT. DE PUNTA CANA,SERVICIO DE SEGURIDAD AEROPORTUARIA,25000,Mayo,2026
AEROPUERTO INT. DE PUNTA CANA,SERVICIO DE SEGURIDAD AEROPORTUARIA,25000,Mayo,2026
AEROPUERTO INT. DE PUNTA CANA,SERVICIO DE SEGURIDAD AEROPORTUARIA,25000,Mayo,2026
AEROPUERTO INT. DE PUNTA CANA,SERVICIO DE SEGURIDAD AEROPORTUARIA,25000,Mayo,2026
AEROPUERTO INT. DE PUNTA CANA,SERVICIO DE SEGURIDAD AEROPORTUARIA,25000,Mayo,2026
AEROPUERTO INT. DE PUNTA CANA,SERVICIO DE SEGURIDAD AEROPORTUARIA,25000,Mayo,2026
AEROPUERTO INT. DE PUNTA CANA,SERVICIO DE SEGURIDAD AEROPORTUARIA,25000,Mayo,2026
AEROPUERTO INT. DE PUNTA CANA,SERVICIO DE SEGURIDAD AEROPORTUARIA,25000,Mayo,2026
AEROPUERTO INT. DE PUNTA CANA,SERVICIO DE SEGURIDAD AEROPORTUARIA,25000,Mayo,2026
AEROPUERTO INT. DE PUNTA CANA,SERVICIO DE SEGURIDAD AEROPORTUARIA,25000,Mayo,2026
AEROPUERTO INT. DE PUNTA CANA,SERVICIO DE SEGURIDAD AEROPORTUARIA,25000,Mayo,2026
AEROPUERTO INT. DE PUNTA CANA,SERVICIO DE SEGURIDAD AEROPORTUARIA,25000,Mayo,2026
AEROPUERTO INT. DE PUNTA CANA,SERVICIO DE SEGURIDAD AEROPORTUARIA,25000,Mayo,2026
AEROPUERTO INT. DE PUNTA CANA,SERVICIO DE SEGURIDAD AEROPORTUARIA,25000,Mayo,2026
AEROPUERTO INT. DE PUNTA CANA,SERVICIO DE SEGURIDAD AEROPORTUARIA,25000,Mayo,2026
AEROPUERTO INT. DE PUNTA CANA,SERVICIO DE SEGURIDAD AEROPORTUARIA,25000,Mayo,2026
AEROPUERTO INT. DE PUNTA CANA,SERVICIO DE SEGURIDAD AEROPORTUARIA,27650,Mayo,2026
AEROPUERTO INT. DE PUNTA CANA,SERVICIO DE SEGURIDAD AEROPORTUARIA,25000,Mayo,2026
AEROPUERTO INT. DE PUNTA CANA,SERVICIO DE SEGURIDAD AEROPORTUARIA,25000,Mayo,2026
AEROPUERTO INT. DE PUNTA CANA,SERVICIO DE SEGURIDAD AEROPORTUARIA,25000,Mayo,2026
AEROPUERTO INT. DE PUNTA CANA,SERVICIO DE SEGURIDAD AEROPORTUARIA,25000,Mayo,2026
AEROPUERTO INT. DE PUNTA CANA,SERVICIO DE SEGURIDAD AEROPORTUARIA,27650,Mayo,2026
AEROPUERTO INT. DE PUNTA CANA,SERVICIO DE SEGURIDAD AEROPORTUARIA,25000,Mayo,2026
AEROPUERTO INT. DE PUNTA CANA,SERVICIO DE SEGURIDAD AEROPORTUARIA,25000,Mayo,2026
AEROPUERTO INT. DE PUNTA CANA,SERVICIO DE SEGURIDAD AEROPORTUARIA,25000,Mayo,2026
AEROPUERTO INT. DE PUNTA CANA,SERVICIO DE SEGURIDAD AEROPORTUARIA,25000,Mayo,2026
AEROPUERTO INT. DE PUNTA CANA,SERVICIO DE SEGURIDAD AEROPORTUARIA,25000,Mayo,2026
AEROPUERTO INT. DE PUNTA CANA,SERVICIO DE SEGURIDAD AEROPORTUARIA,25000,Mayo,2026
AEROPUERTO INT. DE PUNTA CANA,SERVICIO DE SEGURIDAD AEROPORTUARIA,25000,Mayo,2026
AEROPUERTO INT. DE PUNTA CANA,SERVICIO DE SEGURIDAD AEROPORTUARIA,25000,Mayo,2026
AEROPUERTO INT. DE PUNTA CANA,SERVICIO DE SEGURIDAD AEROPORTUARIA,25000,Mayo,2026
AEROPUERTO INT. DE PUNTA CANA,SERVICIO DE SEGURIDAD AEROPORTUARIA,25000,Mayo,2026
AEROPUERTO INT. DE PUNTA CANA,SERVICIO DE SEGURIDAD AEROPORTUARIA,25000,Mayo,2026
AEROPUERTO INT. DE PUNTA CANA,SERVICIO DE SEGURIDAD AEROPORTUARIA,25000,Mayo,2026
AEROPUERTO INT. DE PUNTA CANA,SERVICIO DE SEGURIDAD AEROPORTUARIA,14000,Mayo,2026
AEROPUERTO INT. DE PUNTA CANA,SERVICIO DE SEGURIDAD AEROPORTUARIA,14000,Mayo,2026
AEROPUERTO INT. DE PUNTA CANA,SERVICIO DE SEGURIDAD AEROPORTUARIA,14000,Mayo,2026
AEROPUERTO INT. DE PUNTA CANA,SERVICIO DE SEGURIDAD AEROPORTUARIA,14000,Mayo,2026
AEROPUERTO INT. DE PUNTA CANA,SERVICIO DE SEGURIDAD AEROPORTUARIA,14000,Mayo,2026
AEROPUERTO INT. DE PUNTA CANA,SERVICIO DE SEGURIDAD AEROPORTUARIA,14000,Mayo,2026
AEROPUERTO INT. DE PUNTA CANA,SERVICIO DE SEGURIDAD AEROPORTUARIA,14000,Mayo,2026
AEROPUERTO INT. DE PUNTA CANA,SERVICIO DE SEGURIDAD AEROPORTUARIA,14000,Mayo,2026
AEROPUERTO INT. DE PUNTA CANA,SERVICIO DE SEGURIDAD AEROPORTUARIA,14000,Mayo,2026
AEROPUERTO INT. DE PUNTA CANA,SERVICIO DE SEGURIDAD AEROPORTUARIA,14000,Mayo,2026
AEROPUERTO INT. DE PUNTA CANA,SERVICIO DE SEGURIDAD AEROPORTUARIA,14000,Mayo,2026
AEROPUERTO INT. DE PUNTA CANA,SERVICIO DE SEGURIDAD AEROPORTUARIA,14000,Mayo,2026
AEROPUERTO INT. DE PUNTA CANA,SERVICIO DE SEGURIDAD AEROPORTUARIA,14000,Mayo,2026
AEROPUERTO INT. DE PUNTA CANA,SERVICIO DE SEGURIDAD AEROPORTUARIA,14000,Mayo,2026
AEROPUERTO INT. DE PUNTA CANA,SERVICIO DE SEGURIDAD AEROPORTUARIA,14000,Mayo,2026
AEROPUERTO INT. DE PUNTA CANA,SERVICIO DE SEGURIDAD AEROPORTUARIA,14000,Mayo,2026
AEROPUERTO INT. DE PUNTA CANA,SERVICIO DE SEGURIDAD AEROPORTUARIA,14000,Mayo,2026
AEROPUERTO INT. DE PUNTA CANA,SERVICIO DE SEGURIDAD AEROPORTUARIA,25000,Mayo,2026
AEROPUERTO INT. DE PUNTA CANA,SERVICIO DE SEGURIDAD AEROPORTUARIA,14000,Mayo,2026
AEROPUERTO INT. DE PUNTA CANA,SERVICIO DE SEGURIDAD AEROPORTUARIA,14000,Mayo,2026
AEROPUERTO INT. DE PUNTA CANA,SERVICIO DE SEGURIDAD AEROPORTUARIA,25000,Mayo,2026
AEROPUERTO INT. DE PUNTA CANA,SERVICIO DE SEGURIDAD AEROPORTUARIA,14000,Mayo,2026
AEROPUERTO INT. DE PUNTA CANA,SERVICIO DE SEGURIDAD AEROPORTUARIA,14000,Mayo,2026
AEROPUERTO INT. DE PUNTA CANA,SERVICIO DE SEGURIDAD AEROPORTUARIA,14000,Mayo,2026
AEROPUERTO INT. DE PUNTA CANA,SERVICIO DE SEGURIDAD AEROPORTUARIA,14000,Mayo,2026
AEROPUERTO INT. DE PUNTA CANA,SERVICIO DE SEGURIDAD AEROPORTUARIA,14000,Mayo,2026
AEROPUERTO INT. DE PUNTA CANA,SERVICIO DE SEGURIDAD AEROPORTUARIA,14000,Mayo,2026
AEROPUERTO INT. DE PUNTA CANA,SERVICIO DE SEGURIDAD AEROPORTUARIA,14000,Mayo,2026
AEROPUERTO INT. DE PUNTA CANA,SERVICIO DE SEGURIDAD AEROPORTUARIA,14000,Mayo,2026
AEROPUERTO INT. DE PUNTA CANA,SERVICIO DE SEGURIDAD AEROPORTUARIA,14000,Mayo,2026
AEROPUERTO INT. DE PUNTA CANA,SERVICIO DE SEGURIDAD AEROPORTUARIA,14000,Mayo,2026
AEROPUERTO INT. DE PUNTA CANA,SERVICIO DE SEGURIDAD AEROPORTUARIA,14000,Mayo,2026
AEROPUERTO INT. DE PUNTA CANA,SERVICIO DE SEGURIDAD AEROPORTUARIA,14000,Mayo,2026
AEROPUERTO INT. DE PUNTA CANA,SERVICIO DE SEGURIDAD AEROPORTUARIA,14000,Mayo,2026
AEROPUERTO INT. DE PUNTA CANA,SERVICIO DE SEGURIDAD AEROPORTUARIA,14000,Mayo,2026
AEROPUERTO INT. DE PUNTA CANA,SERVICIO DE SEGURIDAD AEROPORTUARIA,14000,Mayo,2026
AEROPUERTO INT. DE PUNTA CANA,SERVICIO DE SEGURIDAD AEROPORTUARIA,14000,Mayo,2026
AEROPUERTO INT. DE PUNTA CANA,SERVICIO DE SEGURIDAD AEROPORTUARIA,14000,Mayo,2026
AEROPUERTO INT. DE PUNTA CANA,SERVICIO DE SEGURIDAD AEROPORTUARIA,14000,Mayo,2026
AEROPUERTO INT. DE PUNTA CANA,SERVICIO DE SEGURIDAD AEROPORTUARIA,14000,Mayo,2026
AEROPUERTO INT. DE PUNTA CANA,SERVICIO DE SEGURIDAD AEROPORTUARIA,14000,Mayo,2026
AEROPUERTO INT. DE PUNTA CANA,SERVICIO DE SEGURIDAD AEROPORTUARIA,14000,Mayo,2026
AEROPUERTO INT. DE PUNTA CANA,SERVICIO DE SEGURIDAD AEROPORTUARIA,14000,Mayo,2026
AEROPUERTO INT. DE PUNTA CANA,SERVICIO DE SEGURIDAD AEROPORTUARIA,14000,Mayo,2026
AEROPUERTO INT. DE PUNTA CANA,SERVICIO DE SEGURIDAD AEROPORTUARIA,14000,Mayo,2026
AEROPUERTO INT. DE PUNTA CANA,SERVICIO DE SEGURIDAD AEROPORTUARIA,14000,Mayo,2026
AEROPUERTO INT. DE PUNTA CANA,SERVICIO DE SEGURIDAD AEROPORTUARIA,14000,Mayo,2026
AEROPUERTO INT. DE PUNTA CANA,SERVICIO DE SEGURIDAD AEROPORTUARIA,14000,Mayo,2026
AEROPUERTO INT. DE PUNTA CANA,SERVICIO DE SEGURIDAD AEROPORTUARIA,14000,Mayo,2026
AEROPUERTO INT. DE PUNTA CANA,SERVICIO DE SEGURIDAD AEROPORTUARIA,14000,Mayo,2026
AEROPUERTO INT. DE PUNTA CANA,SERVICIO DE SEGURIDAD AEROPORTUARIA,14000,Mayo,2026
AEROPUERTO INT. DE PUNTA CANA,SERVICIO DE SEGURIDAD AEROPORTUARIA,14000,Mayo,2026
AEROPUERTO INT. DE PUNTA CANA,SERVICIO DE SEGURIDAD AEROPORTUARIA,14000,Mayo,2026
AEROPUERTO INT. DE PUNTA CANA,SERVICIO DE SEGURIDAD AEROPORTUARIA,14000,Mayo,2026
AEROPUERTO INT. DE PUNTA CANA,SERVICIO DE SEGURIDAD AEROPORTUARIA,14000,Mayo,2026
AEROPUERTO INT. DE PUNTA CANA,SERVICIO DE SEGURIDAD AEROPORTUARIA,14000,Mayo,2026
AEROPUERTO INT. DE PUNTA CANA,SERVICIO DE SEGURIDAD AEROPORTUARIA,14000,Mayo,2026
AEROPUERTO INT. DE PUNTA CANA,SERVICIO DE SEGURIDAD AEROPORTUARIA,14000,Mayo,2026
AEROPUERTO INT. DE PUNTA CANA,SERVICIO DE SEGURIDAD AEROPORTUARIA,14000,Mayo,2026
AEROPUERTO INT. DE PUNTA CANA,SERVICIO DE SEGURIDAD AEROPORTUARIA,14000,Mayo,2026
AEROPUERTO INT. DE PUNTA CANA,SERVICIO DE SEGURIDAD AEROPORTUARIA,14000,Mayo,2026
AEROPUERTO INT. DE PUNTA CANA,SERVICIO DE SEGURIDAD AEROPORTUARIA,14000,Mayo,2026
AEROPUERTO INT. DE PUNTA CANA,SERVICIO DE SEGURIDAD AEROPORTUARIA,14000,Mayo,2026
AEROPUERTO INT. DE PUNTA CANA,SERVICIO DE SEGURIDAD AEROPORTUARIA,14000,Mayo,2026
AEROPUERTO INT. DE PUNTA CANA,SERVICIO DE SEGURIDAD AEROPORTUARIA,14000,Mayo,2026
AEROPUERTO INT. DE PUNTA CANA,SERVICIO DE SEGURIDAD AEROPORTUARIA,14000,Mayo,2026
AEROPUERTO INT. DE PUNTA CANA,SERVICIO DE SEGURIDAD AEROPORTUARIA,30000,Mayo,2026
AEROPUERTO INT. DE PUNTA CANA,SERVICIO DE SEGURIDAD AEROPORTUARIA,30000,Mayo,2026
AEROPUERTO INT. DE PUNTA CANA,SERVICIO DE SEGURIDAD AEROPORTUARIA,30000,Mayo,2026
AEROPUERTO INT. DE PUNTA CANA,SERVICIO DE SEGURIDAD AEROPORTUARIA,30000,Mayo,2026
AEROPUERTO INT. DE PUNTA CANA,SERVICIO DE SEGURIDAD AEROPORTUARIA,30000,Mayo,2026
AEROPUERTO INT. DE PUNTA CANA,SERVICIO DE SEGURIDAD AEROPORTUARIA,29500,Mayo,2026
AEROPUERTO INT. DE PUNTA CANA,SERVICIO DE SEGURIDAD AEROPORTUARIA,35000,Mayo,2026
AEROPUERTO INT. DE PUNTA CANA,SERVICIO DE SEGURIDAD AEROPORTUARIA,30000,Mayo,2026
AEROPUERTO INT. DE PUNTA CANA,SERVICIO DE SEGURIDAD AEROPORTUARIA,35000,Mayo,2026
AEROPUERTO INT. DE PUNTA CANA,SERVICIO DE SEGURIDAD AEROPORTUARIA,35000,Mayo,2026
AEROPUERTO INT. DE PUNTA CANA,SERVICIO DE SEGURIDAD AEROPORTUARIA,30000,Mayo,2026
AEROPUERTO INT. DE PUNTA CANA,SERVICIO DE SEGURIDAD AEROPORTUARIA,30000,Mayo,2026
AEROPUERTO INT. DE PUNTA CANA,SERVICIO DE SEGURIDAD AEROPORTUARIA,30000,Mayo,2026
AEROPUERTO INT. DE PUNTA CANA,SERVICIO DE SEGURIDAD AEROPORTUARIA,30000,Mayo,2026
AEROPUERTO INT. DE PUNTA CANA,SERVICIO DE SEGURIDAD AEROPORTUARIA,30000,Mayo,2026
AEROPUERTO INT. DE PUNTA CANA,SERVICIO DE SEGURIDAD AEROPORTUARIA,30000,Mayo,2026
AEROPUERTO INT. DE PUNTA CANA,SERVICIO DE SEGURIDAD AEROPORTUARIA,30000,Mayo,2026
AEROPUERTO INT. DE PUNTA CANA,SERVICIO DE SEGURIDAD AEROPORTUARIA,30000,Mayo,2026
AEROPUERTO INT. DE PUNTA CANA,SERVICIO DE SEGURIDAD AEROPORTUARIA,30000,Mayo,2026
AEROPUERTO INT. DE PUNTA CANA,SERVICIO DE SEGURIDAD AEROPORTUARIA,30000,Mayo,2026
AEROPUERTO INT. DE PUNTA CANA,SERVICIO DE SEGURIDAD AEROPORTUARIA,30000,Mayo,2026
AEROPUERTO INT. DE PUNTA CANA,SERVICIO DE SEGURIDAD AEROPORTUARIA,30000,Mayo,2026
AEROPUERTO INT. DE PUNTA CANA,SERVICIO DE SEGURIDAD AEROPORTUARIA,30000,Mayo,2026
AEROPUERTO INT. DE PUNTA CANA,SERVICIO DE SEGURIDAD AEROPORTUARIA,30000,Mayo,2026
AEROPUERTO INT. DE PUNTA CANA,SERVICIO DE SEGURIDAD AEROPORTUARIA,30000,Mayo,2026
AEROPUERTO INT. DE PUNTA CANA,SERVICIO DE SEGURIDAD AEROPORTUARIA,30000,Mayo,2026
AEROPUERTO INT. DE PUNTA CANA,SERVICIO DE SEGURIDAD AEROPORTUARIA,30000,Mayo,2026
AEROPUERTO INT. DE PUNTA CANA,SERVICIO DE SEGURIDAD AEROPORTUARIA,30000,Mayo,2026
AEROPUERTO INT. DE PUNTA CANA,SERVICIO DE SEGURIDAD AEROPORTUARIA,14000,Mayo,2026
AEROPUERTO INT. DE PUNTA CANA,SERVICIO DE SEGURIDAD AEROPORTUARIA,14000,Mayo,2026
AEROPUERTO INT. DE PUNTA CANA,SERVICIO DE SEGURIDAD AEROPORTUARIA,14000,Mayo,2026
AEROPUERTO INT. DE PUNTA CANA,SERVICIO DE SEGURIDAD AEROPORTUARIA,14000,Mayo,2026
AEROPUERTO INT. DE PUNTA CANA,SERVICIO DE SEGURIDAD AEROPORTUARIA,14000,Mayo,2026
AEROPUERTO INT. DE PUNTA CANA,SERVICIO DE SEGURIDAD AEROPORTUARIA,14000,Mayo,2026
AEROPUERTO INT. DE PUNTA CANA,SERVICIO DE SEGURIDAD AEROPORTUARIA,14000,Mayo,2026
AEROPUERTO INT. DE PUNTA CANA,SERVICIO DE SEGURIDAD AEROPORTUARIA,14000,Mayo,2026
AEROPUERTO INT. DE PUNTA CANA,SERVICIO DE SEGURIDAD AEROPORTUARIA,14000,Mayo,2026
AEROPUERTO INT. DE PUNTA CANA,SERVICIO DE SEGURIDAD AEROPORTUARIA,14000,Mayo,2026
AEROPUERTO INT. DE PUNTA CANA,SERVICIO DE SEGURIDAD AEROPORTUARIA,14000,Mayo,2026
AEROPUERTO INT. DE PUNTA CANA,SERVICIO DE SEGURIDAD AEROPORTUARIA,14000,Mayo,2026
AEROPUERTO INT. DE PUNTA CANA,SERVICIO DE SEGURIDAD AEROPORTUARIA,14000,Mayo,2026
AEROPUERTO INT. DE PUNTA CANA,SERVICIO DE SEGURIDAD AEROPORTUARIA,14000,Mayo,2026
AEROPUERTO INT. DE PUNTA CANA,SERVICIO DE SEGURIDAD AEROPORTUARIA,14000,Mayo,2026
AEROPUERTO INT. DE PUNTA CANA,SERVICIO DE SEGURIDAD AEROPORTUARIA,14000,Mayo,2026
AEROPUERTO INT. DE PUNTA CANA,SERVICIO DE SEGURIDAD AEROPORTUARIA,14000,Mayo,2026
AEROPUERTO INT. DE PUNTA CANA,SERVICIO DE SEGURIDAD AEROPORTUARIA,14000,Mayo,2026
AEROPUERTO INT. DE PUNTA CANA,SERVICIO DE SEGURIDAD AEROPORTUARIA,14000,Mayo,2026
AEROPUERTO INT. DE PUNTA CANA,SERVICIO DE SEGURIDAD AEROPORTUARIA,14000,Mayo,2026
AEROPUERTO INT. DE PUNTA CANA,SERVICIO DE SEGURIDAD AEROPORTUARIA,14000,Mayo,2026
AEROPUERTO INT. DE PUNTA CANA,SERVICIO DE SEGURIDAD AEROPORTUARIA,14000,Mayo,2026
AEROPUERTO INT. DE PUNTA CANA,SERVICIO DE SEGURIDAD AEROPORTUARIA,14000,Mayo,2026
AEROPUERTO INT. DE PUNTA CANA,SERVICIO DE SEGURIDAD AEROPORTUARIA,14000,Mayo,2026
AEROPUERTO INT. DE PUNTA CANA,SERVICIO DE SEGURIDAD AEROPORTUARIA,14000,Mayo,2026
AEROPUERTO INT. DE PUNTA CANA,SERVICIO DE SEGURIDAD AEROPORTUARIA,14000,Mayo,2026
AEROPUERTO INT. DE PUNTA CANA,SERVICIO DE SEGURIDAD AEROPORTUARIA,14000,Mayo,2026
AEROPUERTO INT. DE PUNTA CANA,SERVICIO DE SEGURIDAD AEROPORTUARIA,14000,Mayo,2026
AEROPUERTO INT. DE PUNTA CANA,SERVICIO DE SEGURIDAD AEROPORTUARIA,14000,Mayo,2026
AEROPUERTO INT. DE PUNTA CANA,SERVICIO DE SEGURIDAD AEROPORTUARIA,14000,Mayo,2026
AEROPUERTO INT. DE PUNTA CANA,SERVICIO DE SEGURIDAD AEROPORTUARIA,14000,Mayo,2026
AEROPUERTO INT. DE PUNTA CANA,SERVICIO DE SEGURIDAD AEROPORTUARIA,14000,Mayo,2026
"AEROPUERTO INT. CIBAO, SANTIAGO",DIRECTOR DE SEGURIDAD DE AEROPUERTO (SIERRA-1),90000,Mayo,2026
"AEROPUERTO INT. CIBAO, SANTIAGO",SUB-DIRECTOR DISCIPLINARIO,70000,Mayo,2026
"AEROPUERTO INT. CIBAO, SANTIAGO",SUB-DIRECTOR DE OPERACIONES,70000,Mayo,2026
"AEROPUERTO INT. CIBAO, SANTIAGO",ENC. DEPTO. DE RECURSOS HUMANOS,35000,Mayo,2026
"AEROPUERTO INT. CIBAO, SANTIAGO",ENC. DIV. DE PLANES Y PROGRAMAS,25000,Mayo,2026
"AEROPUERTO INT. CIBAO, SANTIAGO",ENC. DIV. TERMINAL DE CARGA,25000,Mayo,2026
"AEROPUERTO INT. CIBAO, SANTIAGO",SUB-ENCARGADO TERMINAL DE CARGA,25000,Mayo,2026
"AEROPUERTO INT. CIBAO, SANTIAGO",ENC. SECC. DE DETECCION DE EXPLOSIVOS,28000,Mayo,2026
"AEROPUERTO INT. CIBAO, SANTIAGO",ENC. SECC. DE ENTRENAMIENTO,21500,Mayo,2026
"AEROPUERTO INT. CIBAO, SANTIAGO",ENC. SECC. DE EVALUACION,21500,Mayo,2026
"AEROPUERTO INT. CIBAO, SANTIAGO",ENC. SECC. DE INTELIGENCIA,15000,Mayo,2026
"AEROPUERTO INT. CIBAO, SANTIAGO",ENC. SECC. DE PROPIEDADES,15000,Mayo,2026
"AEROPUERTO INT. CIBAO, SANTIAGO",ENC. SECC. DE SEGUIMIENTO,21500,Mayo,2026
"AEROPUERTO INT. CIBAO, SANTIAGO",ENC. SECC. DE VALIDACION,15000,Mayo,2026
"AEROPUERTO INT. CIBAO, SANTIAGO",ENC. SECC. FISCALIZACION,21500,Mayo,2026
"AEROPUERTO INT. CIBAO, SANTIAGO",ENC. SECC. LEGAL AVSEC Y SECRETARIO DEL COMITÉ,20000,Mayo,2026
"AEROPUERTO INT. CIBAO, SANTIAGO",ENC. UNID. DE COMUNICACIONES,21500,Mayo,2026
"AEROPUERTO INT. CIBAO, SANTIAGO",AUXILIAR DE CCTV,21500,Mayo,2026
"AEROPUERTO INT. CIBAO, SANTIAGO",AUXILIAR DE CCTV,12500,Mayo,2026
"AEROPUERTO INT. CIBAO, SANTIAGO",AUXILIAR DE CCTV,30000,Mayo,2026
"AEROPUERTO INT. CIBAO, SANTIAGO",AUXILIAR SECC. DE INTELIGENCIA,30000,Mayo,2026
"AEROPUERTO INT. CIBAO, SANTIAGO",AUXILIAR SUB-DIRECCION DE INTELIGENCIA,25000,Mayo,2026
"AEROPUERTO INT. CIBAO, SANTIAGO",AUXILIAR SUB-DIRECCION DE OPERACIONES AVSEC,21500,Mayo,2026
"AEROPUERTO INT. CIBAO, SANTIAGO",GERENTE AVSEC,25000,Mayo,2026
"AEROPUERTO INT. CIBAO, SANTIAGO",GERENTE AVSEC,25000,Mayo,2026
"AEROPUERTO INT. CIBAO, SANTIAGO",MANEJADOR K-9 EN LA SECCION DE DETECCION DE EXPLOSIVOS,21500,Mayo,2026
"AEROPUERTO INT. CIBAO, SANTIAGO",MANEJADOR K-9 EN LA SECCION DE DETECCION DE EXPLOSIVOS,21500,Mayo,2026
"AEROPUERTO INT. CIBAO, SANTIAGO",MANEJADOR K-9 EN LA SECCION DE DETECCION DE EXPLOSIVOS,21500,Mayo,2026
"AEROPUERTO INT. CIBAO, SANTIAGO",MANEJADOR K-9 EN LA SECCION DE DETECCION DE EXPLOSIVOS,19000,Mayo,2026
"AEROPUERTO INT. CIBAO, SANTIAGO",MANEJADOR K-9 EN LA SECCION DE DETECCIÓN DE EXPLOSIVOS,35000,Mayo,2026
"AEROPUERTO INT. CIBAO, SANTIAGO",MANEJADOR K-9 EN LA SECCION DE DETECCION DE EXPLOSIVOS,19000,Mayo,2026
"AEROPUERTO INT. CIBAO, SANTIAGO",MANEJADOR K-9 EN LA SECCION DE DETECCION DE EXPLOSIVOS,19000,Mayo,2026
"AEROPUERTO INT. CIBAO, SANTIAGO",SUPERVISOR GENERALES DE LOS SERVICIOS DE SEGU.,20000,Mayo,2026
"AEROPUERTO INT. CIBAO, SANTIAGO",SUPERVISOR GENERALES DE LOS SERVICIOS DE SEGU.,25000,Mayo,2026
"AEROPUERTO INT. CIBAO, SANTIAGO",SUPLENTE DEL DIRECTOR DE SEGURIDAD (S-1A),20000,Mayo,2026
"AEROPUERTO INT. CIBAO, SANTIAGO",OPERADOR DE RADIO,12321,Mayo,2026
"AEROPUERTO INT. CIBAO, SANTIAGO",OPERADOR DE RADIO,21500,Mayo,2026
"AEROPUERTO INT. CIBAO, SANTIAGO",DIGITADOR,25000,Mayo,2026
"AEROPUERTO INT. CIBAO, SANTIAGO",ABOGADA,25000,Mayo,2026
"AEROPUERTO INT. CIBAO, SANTIAGO",CHOFER NIVEL 2 (VEHICULOS LIVIANOS),15000,Mayo,2026
"AEROPUERTO INT. CIBAO, SANTIAGO",CHOFER NIVEL 2 (VEHICULOS LIVIANOS),18500,Mayo,2026
"AEROPUERTO INT. CIBAO, SANTIAGO",AYUDANTE DEL DIRECTOR DE SEGURIDAD,30000,Mayo,2026
"AEROPUERTO INT. CIBAO, SANTIAGO",COCINERO (A),12500,Mayo,2026
"AEROPUERTO INT. CIBAO, SANTIAGO",COCINERO (A),12500,Mayo,2026
"AEROPUERTO INT. CIBAO, SANTIAGO",COCINERO (A),12500,Mayo,2026
"AEROPUERTO INT. CIBAO, SANTIAGO",COCINERO (A),12500,Mayo,2026
"AEROPUERTO INT. CIBAO, SANTIAGO",CONSERJE,12500,Mayo,2026
"AEROPUERTO INT. CIBAO, SANTIAGO",CONSERJE,12500,Mayo,2026
"AEROPUERTO INT. CIBAO, SANTIAGO",SERV. SECC. ANTI-DOPING,12500,Mayo,2026
"AEROPUERTO INT. CIBAO, SANTIAGO",SERVICIO DE SEGURIDAD AEROPORTUARIA,14000,Mayo,2026
"AEROPUERTO INT. CIBAO, SANTIAGO",SERVICIO DE SEGURIDAD AEROPORTUARIA,14000,Mayo,2026
"AEROPUERTO INT. CIBAO, SANTIAGO",SERVICIO DE SEGURIDAD AEROPORTUARIA,14000,Mayo,2026
"AEROPUERTO INT. CIBAO, SANTIAGO",SERVICIO DE SEGURIDAD AEROPORTUARIA,30000,Mayo,2026
"AEROPUERTO INT. CIBAO, SANTIAGO",SERVICIO DE SEGURIDAD AEROPORTUARIA,30000,Mayo,2026
"AEROPUERTO INT. CIBAO, SANTIAGO",SERVICIO DE SEGURIDAD AEROPORTUARIA,30000,Mayo,2026
"AEROPUERTO INT. CIBAO, SANTIAGO",SERVICIO DE SEGURIDAD AEROPORTUARIA,30000,Mayo,2026
"AEROPUERTO INT. CIBAO, SANTIAGO",SERVICIO DE SEGURIDAD AEROPORTUARIA,30000,Mayo,2026
"AEROPUERTO INT. CIBAO, SANTIAGO",SERVICIO DE SEGURIDAD AEROPORTUARIA,30000,Mayo,2026
"AEROPUERTO INT. CIBAO, SANTIAGO",SERVICIO DE SEGURIDAD AEROPORTUARIA,30000,Mayo,2026
"AEROPUERTO INT. CIBAO, SANTIAGO",SERVICIO DE SEGURIDAD AEROPORTUARIA,30000,Mayo,2026
"AEROPUERTO INT. CIBAO, SANTIAGO",SERVICIO DE SEGURIDAD AEROPORTUARIA,30000,Mayo,2026
"AEROPUERTO INT. CIBAO, SANTIAGO",SERVICIO DE SEGURIDAD AEROPORTUARIA,30000,Mayo,2026
"AEROPUERTO INT. CIBAO, SANTIAGO",SERVICIO DE SEGURIDAD AEROPORTUARIA,30000,Mayo,2026
"AEROPUERTO INT. CIBAO, SANTIAGO",SERVICIO DE SEGURIDAD AEROPORTUARIA,30000,Mayo,2026
"AEROPUERTO INT. CIBAO, SANTIAGO",SERVICIO DE SEGURIDAD AEROPORTUARIA,30000,Mayo,2026
"AEROPUERTO INT. CIBAO, SANTIAGO",SERVICIO DE SEGURIDAD AEROPORTUARIA,30000,Mayo,2026
"AEROPUERTO INT. CIBAO, SANTIAGO",SERVICIO DE SEGURIDAD AEROPORTUARIA,30000,Mayo,2026
"AEROPUERTO INT. CIBAO, SANTIAGO",SERVICIO DE SEGURIDAD AEROPORTUARIA,14000,Mayo,2026
"AEROPUERTO INT. CIBAO, SANTIAGO",SERVICIO DE SEGURIDAD AEROPORTUARIA,14000,Mayo,2026
"AEROPUERTO INT. CIBAO, SANTIAGO",SERVICIO DE SEGURIDAD AEROPORTUARIA,7900,Mayo,2026
"AEROPUERTO INT. CIBAO, SANTIAGO",SERVICIO DE SEGURIDAD AEROPORTUARIA,5500,Mayo,2026
"AEROPUERTO INT. CIBAO, SANTIAGO",SERVICIO DE SEGURIDAD AEROPORTUARIA,21500,Mayo,2026
"AEROPUERTO INT. CIBAO, SANTIAGO",SERVICIO DE SEGURIDAD AEROPORTUARIA,21500,Mayo,2026
"AEROPUERTO INT. CIBAO, SANTIAGO",SERVICIO DE SEGURIDAD AEROPORTUARIA,14000,Mayo,2026
"AEROPUERTO INT. CIBAO, SANTIAGO",SERVICIO DE SEGURIDAD AEROPORTUARIA,21500,Mayo,2026
"AEROPUERTO INT. CIBAO, SANTIAGO",SERVICIO DE SEGURIDAD AEROPORTUARIA,21500,Mayo,2026
"AEROPUERTO INT. CIBAO, SANTIAGO",SERVICIO DE SEGURIDAD AEROPORTUARIA,21500,Mayo,2026
"AEROPUERTO INT. CIBAO, SANTIAGO",SERVICIO DE SEGURIDAD AEROPORTUARIA,21500,Mayo,2026
"AEROPUERTO INT. CIBAO, SANTIAGO",SERVICIO DE SEGURIDAD AEROPORTUARIA,25000,Mayo,2026
"AEROPUERTO INT. CIBAO, SANTIAGO",SERVICIO DE SEGURIDAD AEROPORTUARIA,21500,Mayo,2026
"AEROPUERTO INT. CIBAO, SANTIAGO",SERVICIO DE SEGURIDAD AEROPORTUARIA,21500,Mayo,2026
"AEROPUERTO INT. CIBAO, SANTIAGO",SERVICIO DE SEGURIDAD AEROPORTUARIA,21500,Mayo,2026
"AEROPUERTO INT. CIBAO, SANTIAGO",SERVICIO DE SEGURIDAD AEROPORTUARIA,21500,Mayo,2026
"AEROPUERTO INT. CIBAO, SANTIAGO",SERVICIO DE SEGURIDAD AEROPORTUARIA,21000,Mayo,2026
"AEROPUERTO INT. CIBAO, SANTIAGO",SERVICIO DE SEGURIDAD AEROPORTUARIA,14000,Mayo,2026
"AEROPUERTO INT. CIBAO, SANTIAGO",SERVICIO DE SEGURIDAD AEROPORTUARIA,14000,Mayo,2026
"AEROPUERTO INT. CIBAO, SANTIAGO",SERVICIO DE SEGURIDAD AEROPORTUARIA,14000,Mayo,2026
"AEROPUERTO INT. CIBAO, SANTIAGO",SERVICIO DE SEGURIDAD AEROPORTUARIA,21500,Mayo,2026
"AEROPUERTO INT. CIBAO, SANTIAGO",SERVICIO DE SEGURIDAD AEROPORTUARIA,14000,Mayo,2026
"AEROPUERTO INT. CIBAO, SANTIAGO",SERVICIO DE SEGURIDAD AEROPORTUARIA,21500,Mayo,2026
"AEROPUERTO INT. CIBAO, SANTIAGO",SERVICIO DE SEGURIDAD AEROPORTUARIA,14000,Mayo,2026
"AEROPUERTO INT. CIBAO, SANTIAGO",SERVICIO DE SEGURIDAD AEROPORTUARIA,14000,Mayo,2026
"AEROPUERTO INT. CIBAO, SANTIAGO",SERVICIO DE SEGURIDAD AEROPORTUARIA,14000,Mayo,2026
"AEROPUERTO INT. CIBAO, SANTIAGO",SERVICIO DE SEGURIDAD AEROPORTUARIA,14000,Mayo,2026
"AEROPUERTO INT. CIBAO, SANTIAGO",SERVICIO DE SEGURIDAD AEROPORTUARIA,14000,Mayo,2026
"AEROPUERTO INT. CIBAO, SANTIAGO",SERVICIO DE SEGURIDAD AEROPORTUARIA,14000,Mayo,2026
"AEROPUERTO INT. CIBAO, SANTIAGO",SERVICIO DE SEGURIDAD AEROPORTUARIA,14000,Mayo,2026
"AEROPUERTO INT. CIBAO, SANTIAGO",SERVICIO DE SEGURIDAD AEROPORTUARIA,14000,Mayo,2026
"AEROPUERTO INT. CIBAO, SANTIAGO",SERVICIO DE SEGURIDAD AEROPORTUARIA,14000,Mayo,2026
"AEROPUERTO INT. CIBAO, SANTIAGO",SERVICIO DE SEGURIDAD AEROPORTUARIA,14000,Mayo,2026
"AEROPUERTO INT. CIBAO, SANTIAGO",SERVICIO DE SEGURIDAD AEROPORTUARIA,14000,Mayo,2026
"AEROPUERTO INT. CIBAO, SANTIAGO",SERVICIO DE SEGURIDAD AEROPORTUARIA,14000,Mayo,2026
"AEROPUERTO INT. CIBAO, SANTIAGO",SERVICIO DE SEGURIDAD AEROPORTUARIA,14000,Mayo,2026
"AEROPUERTO INT. CIBAO, SANTIAGO",SERVICIO DE SEGURIDAD AEROPORTUARIA,14000,Mayo,2026
"AEROPUERTO INT. CIBAO, SANTIAGO",SERVICIO DE SEGURIDAD AEROPORTUARIA,14000,Mayo,2026
"AEROPUERTO INT. CIBAO, SANTIAGO",SERVICIO DE SEGURIDAD AEROPORTUARIA,14000,Mayo,2026
"AEROPUERTO INT. CIBAO, SANTIAGO",SERVICIO DE SEGURIDAD AEROPORTUARIA,14000,Mayo,2026
"AEROPUERTO INT. CIBAO, SANTIAGO",SERVICIO DE SEGURIDAD AEROPORTUARIA,14000,Mayo,2026
"AEROPUERTO INT. CIBAO, SANTIAGO",SERVICIO DE SEGURIDAD AEROPORTUARIA,14000,Mayo,2026
"AEROPUERTO INT. CIBAO, SANTIAGO",SERVICIO DE SEGURIDAD AEROPORTUARIA,14000,Mayo,2026
"AEROPUERTO INT. CIBAO, SANTIAGO",SERVICIO DE SEGURIDAD AEROPORTUARIA,14000,Mayo,2026
"AEROPUERTO INT. CIBAO, SANTIAGO",SERVICIO DE SEGURIDAD AEROPORTUARIA,14000,Mayo,2026
"AEROPUERTO INT. CIBAO, SANTIAGO",SERVICIO DE SEGURIDAD AEROPORTUARIA,14000,Mayo,2026
"AEROPUERTO INT. CIBAO, SANTIAGO",SERVICIO DE SEGURIDAD AEROPORTUARIA,14000,Mayo,2026
"AEROPUERTO INT. CIBAO, SANTIAGO",SERVICIO DE SEGURIDAD AEROPORTUARIA,14000,Mayo,2026
"AEROPUERTO INT. CIBAO, SANTIAGO",SERVICIO DE SEGURIDAD AEROPORTUARIA,14000,Mayo,2026
"AEROPUERTO INT. CIBAO, SANTIAGO",SERVICIO DE SEGURIDAD AEROPORTUARIA,14000,Mayo,2026
"AEROPUERTO INT. CIBAO, SANTIAGO",SERVICIO DE SEGURIDAD AEROPORTUARIA,14000,Mayo,2026
"AEROPUERTO INT. CIBAO, SANTIAGO",SERVICIO DE SEGURIDAD AEROPORTUARIA,14000,Mayo,2026
"AEROPUERTO INT. CIBAO, SANTIAGO",SERVICIO DE SEGURIDAD AEROPORTUARIA,14000,Mayo,2026
"AEROPUERTO INT. CIBAO, SANTIAGO",SERVICIO DE SEGURIDAD AEROPORTUARIA,14000,Mayo,2026
"AEROPUERTO INT. CIBAO, SANTIAGO",SERVICIO DE SEGURIDAD AEROPORTUARIA,14000,Mayo,2026
"AEROPUERTO INT. CIBAO, SANTIAGO",SERVICIO DE SEGURIDAD AEROPORTUARIA,14000,Mayo,2026
"AEROPUERTO INT. CIBAO, SANTIAGO",SERVICIO DE SEGURIDAD AEROPORTUARIA,14000,Mayo,2026
"AEROPUERTO INT. CIBAO, SANTIAGO",SERVICIO DE SEGURIDAD AEROPORTUARIA,25000,Mayo,2026
"AEROPUERTO INT. CIBAO, SANTIAGO",SERVICIO DE SEGURIDAD AEROPORTUARIA,25000,Mayo,2026
"AEROPUERTO INT. CIBAO, SANTIAGO",SERVICIO DE SEGURIDAD AEROPORTUARIA,25000,Mayo,2026
"AEROPUERTO INT. CIBAO, SANTIAGO",SERVICIO DE SEGURIDAD AEROPORTUARIA,25000,Mayo,2026
"AEROPUERTO INT. CIBAO, SANTIAGO",SERVICIO DE SEGURIDAD AEROPORTUARIA,25000,Mayo,2026
"AEROPUERTO INT. CIBAO, SANTIAGO",SERVICIO DE SEGURIDAD AEROPORTUARIA,27650,Mayo,2026
"AEROPUERTO INT. CIBAO, SANTIAGO",SERVICIO DE SEGURIDAD AEROPORTUARIA,25000,Mayo,2026
"AEROPUERTO INT. CIBAO, SANTIAGO",SERVICIO DE SEGURIDAD AEROPORTUARIA,25000,Mayo,2026
"AEROPUERTO INT. CIBAO, SANTIAGO",SERVICIO DE SEGURIDAD AEROPORTUARIA,25000,Mayo,2026
"AEROPUERTO INT. CIBAO, SANTIAGO",SERVICIO DE SEGURIDAD AEROPORTUARIA,25000,Mayo,2026
"AEROPUERTO INT. CIBAO, SANTIAGO",SERVICIO DE SEGURIDAD AEROPORTUARIA,25000,Mayo,2026
"AEROPUERTO INT. CIBAO, SANTIAGO",SERVICIO DE SEGURIDAD AEROPORTUARIA,25000,Mayo,2026
"AEROPUERTO INT. CIBAO, SANTIAGO",SERVICIO DE SEGURIDAD AEROPORTUARIA,25000,Mayo,2026
"AEROPUERTO INT. CIBAO, SANTIAGO",SERVICIO DE SEGURIDAD AEROPORTUARIA,25000,Mayo,2026
"AEROPUERTO INT. CIBAO, SANTIAGO",SERVICIO DE SEGURIDAD AEROPORTUARIA,25000,Mayo,2026
"AEROPUERTO INT. CIBAO, SANTIAGO",SERVICIO DE SEGURIDAD AEROPORTUARIA,25000,Mayo,2026
"AEROPUERTO INT. CIBAO, SANTIAGO",SERVICIO DE SEGURIDAD AEROPORTUARIA,25000,Mayo,2026
"AEROPUERTO INT. CIBAO, SANTIAGO",SERVICIO DE SEGURIDAD AEROPORTUARIA,25000,Mayo,2026
"AEROPUERTO INT. CIBAO, SANTIAGO",SERVICIO DE SEGURIDAD AEROPORTUARIA,25000,Mayo,2026
"AEROPUERTO INT. CIBAO, SANTIAGO",SERVICIO DE SEGURIDAD AEROPORTUARIA,25000,Mayo,2026
"AEROPUERTO INT. CIBAO, SANTIAGO",SERVICIO DE SEGURIDAD AEROPORTUARIA,25000,Mayo,2026
"AEROPUERTO INT. CIBAO, SANTIAGO",SERVICIO DE SEGURIDAD AEROPORTUARIA,25000,Mayo,2026
"AEROPUERTO INT. CIBAO, SANTIAGO",SERVICIO DE SEGURIDAD AEROPORTUARIA,25000,Mayo,2026
"AEROPUERTO INT. CIBAO, SANTIAGO",SERVICIO DE SEGURIDAD AEROPORTUARIA,25000,Mayo,2026
"AEROPUERTO INT. CIBAO, SANTIAGO",SERVICIO DE SEGURIDAD AEROPORTUARIA,25000,Mayo,2026
"AEROPUERTO INT. CIBAO, SANTIAGO",SERVICIO DE SEGURIDAD AEROPORTUARIA,14000,Mayo,2026
"AEROPUERTO INT. CIBAO, SANTIAGO",SERVICIO DE SEGURIDAD AEROPORTUARIA,14000,Mayo,2026
"AEROPUERTO INT. CIBAO, SANTIAGO",SERVICIO DE SEGURIDAD AEROPORTUARIA,14000,Mayo,2026
"AEROPUERTO INT. CIBAO, SANTIAGO",SERVICIO DE SEGURIDAD AEROPORTUARIA,14000,Mayo,2026
"AEROPUERTO INT. CIBAO, SANTIAGO",SERVICIO DE SEGURIDAD AEROPORTUARIA,14000,Mayo,2026
"AEROPUERTO INT. CIBAO, SANTIAGO",SERVICIO DE SEGURIDAD AEROPORTUARIA,14000,Mayo,2026
"AEROPUERTO INT. CIBAO, SANTIAGO",SERVICIO DE SEGURIDAD AEROPORTUARIA,14000,Mayo,2026
"AEROPUERTO INT. CIBAO, SANTIAGO",SERVICIO DE SEGURIDAD AEROPORTUARIA,14000,Mayo,2026
"AEROPUERTO INT. CIBAO, SANTIAGO",SERVICIO DE SEGURIDAD AEROPORTUARIA,14000,Mayo,2026
"AEROPUERTO INT. CIBAO, SANTIAGO",SERVICIO DE SEGURIDAD AEROPORTUARIA,14000,Mayo,2026
"AEROPUERTO INT. CIBAO, SANTIAGO",SERVICIO DE SEGURIDAD AEROPORTUARIA,14000,Mayo,2026
"AEROPUERTO INT. CIBAO, SANTIAGO",SERVICIO DE SEGURIDAD AEROPORTUARIA,14000,Mayo,2026
"AEROPUERTO INT. CIBAO, SANTIAGO",SERVICIO DE SEGURIDAD AEROPORTUARIA,14000,Mayo,2026
"AEROPUERTO INT. CIBAO, SANTIAGO",SERVICIO DE SEGURIDAD AEROPORTUARIA,14000,Mayo,2026
"AEROPUERTO INT. CIBAO, SANTIAGO",SERVICIO DE SEGURIDAD AEROPORTUARIA,14000,Mayo,2026
"AEROPUERTO INT. CIBAO, SANTIAGO",SERVICIO DE SEGURIDAD AEROPORTUARIA,14000,Mayo,2026
"AEROPUERTO INT. CIBAO, SANTIAGO",SERVICIO DE SEGURIDAD AEROPORTUARIA,25000,Mayo,2026
"AEROPUERTO INT. CIBAO, SANTIAGO",SERVICIO DE SEGURIDAD AEROPORTUARIA,14000,Mayo,2026
"AEROPUERTO INT. CIBAO, SANTIAGO",SERVICIO DE SEGURIDAD AEROPORTUARIA,14000,Mayo,2026
"AEROPUERTO INT. CIBAO, SANTIAGO",SERVICIO DE SEGURIDAD AEROPORTUARIA,25000,Mayo,2026
"AEROPUERTO INT. CIBAO, SANTIAGO",SERVICIO DE SEGURIDAD AEROPORTUARIA,14000,Mayo,2026
"AEROPUERTO INT. CIBAO, SANTIAGO",SERVICIO DE SEGURIDAD AEROPORTUARIA,14000,Mayo,2026
"AEROPUERTO INT. CIBAO, SANTIAGO",SERVICIO DE SEGURIDAD AEROPORTUARIA,14000,Mayo,2026
"AEROPUERTO INT. CIBAO, SANTIAGO",SERVICIO DE SEGURIDAD AEROPORTUARIA,14000,Mayo,2026
"AEROPUERTO INT. CIBAO, SANTIAGO",SERVICIO DE SEGURIDAD AEROPORTUARIA,14000,Mayo,2026
"AEROPUERTO INT. CIBAO, SANTIAGO",SERVICIO DE SEGURIDAD AEROPORTUARIA,14000,Mayo,2026
"AEROPUERTO INT. CIBAO, SANTIAGO",SERVICIO DE SEGURIDAD AEROPORTUARIA,14000,Mayo,2026
"AEROPUERTO INT. CIBAO, SANTIAGO",SERVICIO DE SEGURIDAD AEROPORTUARIA,14000,Mayo,2026
"AEROPUERTO INT. CIBAO, SANTIAGO",SERVICIO DE SEGURIDAD AEROPORTUARIA,14000,Mayo,2026
"AEROPUERTO INT. CIBAO, SANTIAGO",SERVICIO DE SEGURIDAD AEROPORTUARIA,14000,Mayo,2026
"AEROPUERTO INT. CIBAO, SANTIAGO",SERVICIO DE SEGURIDAD AEROPORTUARIA,14000,Mayo,2026
"AEROPUERTO INT. CIBAO, SANTIAGO",SERVICIO DE SEGURIDAD AEROPORTUARIA,14000,Mayo,2026
"AEROPUERTO INT. CIBAO, SANTIAGO",SERVICIO DE SEGURIDAD AEROPORTUARIA,30000,Mayo,2026
"AEROPUERTO INT. CIBAO, SANTIAGO",SERVICIO DE SEGURIDAD AEROPORTUARIA,30000,Mayo,2026
"AEROPUERTO INT. CIBAO, SANTIAGO",SERVICIO DE SEGURIDAD AEROPORTUARIA,30000,Mayo,2026
"AEROPUERTO INT. CIBAO, SANTIAGO",SERVICIO DE SEGURIDAD AEROPORTUARIA,30000,Mayo,2026
"AEROPUERTO INT. CIBAO, SANTIAGO",SERVICIO DE SEGURIDAD AEROPORTUARIA,30000,Mayo,2026
"AEROPUERTO INT. CIBAO, SANTIAGO",SERVICIO DE SEGURIDAD AEROPORTUARIA,30000,Mayo,2026
"AEROPUERTO INT. CIBAO, SANTIAGO",SERVICIO DE SEGURIDAD AEROPORTUARIA,30000,Mayo,2026
"AEROPUERTO INT. CIBAO, SANTIAGO",SERVICIO DE SEGURIDAD AEROPORTUARIA,30000,Mayo,2026
"AEROPUERTO INT. CIBAO, SANTIAGO",SERVICIO DE SEGURIDAD AEROPORTUARIA,30000,Mayo,2026
"AEROPUERTO INT. CIBAO, SANTIAGO",SERVICIO DE SEGURIDAD AEROPORTUARIA,30000,Mayo,2026
"AEROPUERTO INT. CIBAO, SANTIAGO",SERVICIO DE SEGURIDAD AEROPORTUARIA,30000,Mayo,2026
"AEROPUERTO INT. CIBAO, SANTIAGO",SERVICIO DE SEGURIDAD AEROPORTUARIA,30000,Mayo,2026
"AEROPUERTO INT. CIBAO, SANTIAGO",SERVICIO DE SEGURIDAD AEROPORTUARIA,30000,Mayo,2026
"AEROPUERTO INT. CIBAO, SANTIAGO",SERVICIO DE SEGURIDAD AEROPORTUARIA,30000,Mayo,2026
"AEROPUERTO INT. CIBAO, SANTIAGO",SERVICIO DE SEGURIDAD AEROPORTUARIA,30000,Mayo,2026
"AEROPUERTO INT. CIBAO, SANTIAGO",SERVICIO DE SEGURIDAD AEROPORTUARIA,35000,Mayo,2026
"AEROPUERTO INT. CIBAO, SANTIAGO",SERVICIO DE SEGURIDAD AEROPORTUARIA,30000,Mayo,2026
"AEROPUERTO INT. CIBAO, SANTIAGO",SERVICIO DE SEGURIDAD AEROPORTUARIA,30000,Mayo,2026
"AEROPUERTO INT. CIBAO, SANTIAGO",SERVICIO DE SEGURIDAD AEROPORTUARIA,30000,Mayo,2026
"AEROPUERTO INT. CIBAO, SANTIAGO",SERVICIO DE SEGURIDAD AEROPORTUARIA,30000,Mayo,2026
"AEROPUERTO INT. CIBAO, SANTIAGO",SERVICIO DE SEGURIDAD AEROPORTUARIA,30000,Mayo,2026
"AEROPUERTO INT. CIBAO, SANTIAGO",SERVICIO DE SEGURIDAD AEROPORTUARIA,30000,Mayo,2026
"AEROPUERTO INT. CIBAO, SANTIAGO",SERVICIO DE SEGURIDAD AEROPORTUARIA,30000,Mayo,2026
"AEROPUERTO INT. CIBAO, SANTIAGO",SERVICIO DE SEGURIDAD AEROPORTUARIA,30000,Mayo,2026
"AEROPUERTO INT. CIBAO, SANTIAGO",SERVICIO DE SEGURIDAD AEROPORTUARIA,30000,Mayo,2026
"AEROPUERTO INT. CIBAO, SANTIAGO",SERVICIO DE SEGURIDAD AEROPORTUARIA,30000,Mayo,2026
"AEROPUERTO INT. CIBAO, SANTIAGO",SERVICIO DE SEGURIDAD AEROPORTUARIA,30000,Mayo,2026
"AEROPUERTO INT. CIBAO, SANTIAGO",SERVICIO DE SEGURIDAD AEROPORTUARIA,30000,Mayo,2026
"AEROPUERTO INT. CIBAO, SANTIAGO",SERVICIO DE SEGURIDAD AEROPORTUARIA,30000,Mayo,2026
"AEROPUERTO INT. CIBAO, SANTIAGO",SERVICIO DE SEGURIDAD AEROPORTUARIA,30000,Mayo,2026
"AEROPUERTO INT. CIBAO, SANTIAGO",SERVICIO DE SEGURIDAD AEROPORTUARIA,30000,Mayo,2026
"AEROPUERTO INT. CIBAO, SANTIAGO",SERVICIO DE SEGURIDAD AEROPORTUARIA,30000,Mayo,2026
AEROPUERTO INT. DE PUERTO PLATA,DIRECTOR DE SEGURIDAD DE AEROPUERTO (SIERRA-1),90000,Mayo,2026
AEROPUERTO INT. DE PUERTO PLATA,SUB-DIRECTOR DISCIPLINARIO,70000,Mayo,2026
AEROPUERTO INT. DE PUERTO PLATA,SUB-DIRECTOR DE OPERACIONES,70000,Mayo,2026
AEROPUERTO INT. DE PUERTO PLATA,ENC. DEPTO. DE RECURSOS HUMANOS,35000,Mayo,2026
AEROPUERTO INT. DE PUERTO PLATA,ENC. DIV. TERMINAL DE CARGA,25000,Mayo,2026
AEROPUERTO INT. DE PUERTO PLATA,ENC. DIV. DE PLANES Y PROGRAMAS,25000,Mayo,2026
AEROPUERTO INT. DE PUERTO PLATA,ENC. SECC. ADMINISTRATIVA,15000,Mayo,2026
AEROPUERTO INT. DE PUERTO PLATA,ENC. SECC. DE CONTRATOS TEMPORALES,21500,Mayo,2026
AEROPUERTO INT. DE PUERTO PLATA,ENC. SECC. DE FISCALIZACION,15000,Mayo,2026
AEROPUERTO INT. DE PUERTO PLATA,ENC. SECC. DE INTELIGENCIA,15000,Mayo,2026
AEROPUERTO INT. DE PUERTO PLATA,ENC. SECC. DE SEGUIMIENTO,21500,Mayo,2026
AEROPUERTO INT. DE PUERTO PLATA,ENC. SECC. DETECC. EXPLOS. K-9,28000,Mayo,2026
AEROPUERTO INT. DE PUERTO PLATA,ENC. SECCION DE EVALUACION,21500,Mayo,2026
AEROPUERTO INT. DE PUERTO PLATA,ENCARGADO DE LA SECCION DE ENTRENAMIENTO (S-3D),21500,Mayo,2026
AEROPUERTO INT. DE PUERTO PLATA,ENCARGADO SECCION DE ANTIDOPING DE LA DIRECCION DE CUERPO MEDICO,15000,Mayo,2026
AEROPUERTO INT. DE PUERTO PLATA,ENC. UNIDAD DE COMUNICACIONES,10000,Mayo,2026
AEROPUERTO INT. DE PUERTO PLATA,ENC. UNIDAD DE COMUNICACIONES,10000,Mayo,2026
AEROPUERTO INT. DE PUERTO PLATA,AUXILIAR SECC. ADMINISTRATIVO,10000,Mayo,2026
AEROPUERTO INT. DE PUERTO PLATA,AUXILIAR SECC. DE VIGILANCIA,14000,Mayo,2026
AEROPUERTO INT. DE PUERTO PLATA,MANEJADOR K-9 EN LA SECCION DE DETECCION DE EXPLOSIVOS,21500,Mayo,2026
AEROPUERTO INT. DE PUERTO PLATA,MANEJADOR K-9 EN LA SECCION DE DETECCION DE EXPLOSIVOS,21500,Mayo,2026
AEROPUERTO INT. DE PUERTO PLATA,MANEJADOR K-9 EN LA SECCION DE DETECCION DE EXPLOSIVOS,19000,Mayo,2026
AEROPUERTO INT. DE PUERTO PLATA,MANEJADOR K-9 EN LA SECCION DE DETECCIÓN DE EXPLOSIVOS,32650,Mayo,2026
AEROPUERTO INT. DE PUERTO PLATA,MANEJADOR K-9 EN LA SECCION DE DETECCIÓN DE EXPLOSIVOS,32650,Mayo,2026
AEROPUERTO INT. DE PUERTO PLATA,MANEJADOR K-9 EN LA SECCION DE DETECCIÓN DE EXPLOSIVOS,32650,Mayo,2026
AEROPUERTO INT. DE PUERTO PLATA,MANEJADOR K-9 EN LA SECCION DE DETECCIÓN DE EXPLOSIVOS,35000,Mayo,2026
AEROPUERTO INT. DE PUERTO PLATA,SUPERVISOR AVSEC,21500,Mayo,2026
AEROPUERTO INT. DE PUERTO PLATA,SUPERVISOR DE LOS SERVICIO DE SEGURIDAD TERMINAL DE CARGA,20000,Mayo,2026
AEROPUERTO INT. DE PUERTO PLATA,OPERADOR DE RADIO,30000,Mayo,2026
AEROPUERTO INT. DE PUERTO PLATA,OPERADOR DE RADIO,25000,Mayo,2026
AEROPUERTO INT. DE PUERTO PLATA,ABOGADA SERVICIO,25000,Mayo,2026
AEROPUERTO INT. DE PUERTO PLATA,VERIFICADORA DE PRUEBA DE DOPAJES,15000,Mayo,2026
AEROPUERTO INT. DE PUERTO PLATA,CHOFER NIVEL 2 (VEHICULOS LIVIANOS),18500,Mayo,2026
AEROPUERTO INT. DE PUERTO PLATA,COCINERO (A),12500,Mayo,2026
AEROPUERTO INT. DE PUERTO PLATA,COCINERO (A),12500,Mayo,2026
AEROPUERTO INT. DE PUERTO PLATA,COCINERO (A),12500,Mayo,2026
AEROPUERTO INT. DE PUERTO PLATA,COCINERO (A),12500,Mayo,2026
AEROPUERTO INT. DE PUERTO PLATA,CONSERJE,12500,Mayo,2026
AEROPUERTO INT. DE PUERTO PLATA,OFICIAL SUPERVISOR DE LOS SERVICIOS (S-1E),20000,Mayo,2026
AEROPUERTO INT. DE PUERTO PLATA,SERVICIO DE SEGURIDAD AEROPORTUARIA,14000,Mayo,2026
AEROPUERTO INT. DE PUERTO PLATA,SERVICIO DE SEGURIDAD AEROPORTUARIA,30000,Mayo,2026
AEROPUERTO INT. DE PUERTO PLATA,SERVICIO DE SEGURIDAD AEROPORTUARIA,30000,Mayo,2026
AEROPUERTO INT. DE PUERTO PLATA,SERVICIO DE SEGURIDAD AEROPORTUARIA,30000,Mayo,2026
AEROPUERTO INT. DE PUERTO PLATA,SERVICIO DE SEGURIDAD AEROPORTUARIA,30000,Mayo,2026
AEROPUERTO INT. DE PUERTO PLATA,SERVICIO DE SEGURIDAD AEROPORTUARIA,30000,Mayo,2026
AEROPUERTO INT. DE PUERTO PLATA,SERVICIO DE SEGURIDAD AEROPORTUARIA,30000,Mayo,2026
AEROPUERTO INT. DE PUERTO PLATA,SERVICIO DE SEGURIDAD AEROPORTUARIA,30000,Mayo,2026
AEROPUERTO INT. DE PUERTO PLATA,SERVICIO DE SEGURIDAD AEROPORTUARIA,30000,Mayo,2026
AEROPUERTO INT. DE PUERTO PLATA,SERVICIO DE SEGURIDAD AEROPORTUARIA,30000,Mayo,2026
AEROPUERTO INT. DE PUERTO PLATA,SERVICIO DE SEGURIDAD AEROPORTUARIA,30000,Mayo,2026
AEROPUERTO INT. DE PUERTO PLATA,SERVICIO DE SEGURIDAD AEROPORTUARIA,21500,Mayo,2026
AEROPUERTO INT. DE PUERTO PLATA,SERVICIO DE SEGURIDAD AEROPORTUARIA,14000,Mayo,2026
AEROPUERTO INT. DE PUERTO PLATA,SERVICIO DE SEGURIDAD AEROPORTUARIA,14000,Mayo,2026
AEROPUERTO INT. DE PUERTO PLATA,SERVICIO DE SEGURIDAD AEROPORTUARIA,25000,Mayo,2026
AEROPUERTO INT. DE PUERTO PLATA,SERVICIO DE SEGURIDAD AEROPORTUARIA,21500,Mayo,2026
AEROPUERTO INT. DE PUERTO PLATA,SERVICIO DE SEGURIDAD AEROPORTUARIA,14000,Mayo,2026
AEROPUERTO INT. DE PUERTO PLATA,SERVICIO DE SEGURIDAD AEROPORTUARIA,14000,Mayo,2026
AEROPUERTO INT. DE PUERTO PLATA,SERVICIO DE SEGURIDAD AEROPORTUARIA,14000,Mayo,2026
AEROPUERTO INT. DE PUERTO PLATA,SERVICIO DE SEGURIDAD AEROPORTUARIA,25000,Mayo,2026
AEROPUERTO INT. DE PUERTO PLATA,SERVICIO DE SEGURIDAD AEROPORTUARIA,14000,Mayo,2026
AEROPUERTO INT. DE PUERTO PLATA,SERVICIO DE SEGURIDAD AEROPORTUARIA,25000,Mayo,2026
AEROPUERTO INT. DE PUERTO PLATA,SERVICIO DE SEGURIDAD AEROPORTUARIA,7900,Mayo,2026
AEROPUERTO INT. DE PUERTO PLATA,SERVICIO DE SEGURIDAD AEROPORTUARIA,21500,Mayo,2026
AEROPUERTO INT. DE PUERTO PLATA,SERVICIO DE SEGURIDAD AEROPORTUARIA,21500,Mayo,2026
AEROPUERTO INT. DE PUERTO PLATA,SERVICIO DE SEGURIDAD AEROPORTUARIA,21500,Mayo,2026
AEROPUERTO INT. DE PUERTO PLATA,SERVICIO DE SEGURIDAD AEROPORTUARIA,21500,Mayo,2026
AEROPUERTO INT. DE PUERTO PLATA,SERVICIO DE SEGURIDAD AEROPORTUARIA,21500,Mayo,2026
AEROPUERTO INT. DE PUERTO PLATA,SERVICIO DE SEGURIDAD AEROPORTUARIA,21500,Mayo,2026
AEROPUERTO INT. DE PUERTO PLATA,SERVICIO DE SEGURIDAD AEROPORTUARIA,21500,Mayo,2026
AEROPUERTO INT. DE PUERTO PLATA,SERVICIO DE SEGURIDAD AEROPORTUARIA,21500,Mayo,2026
AEROPUERTO INT. DE PUERTO PLATA,SERVICIO DE SEGURIDAD AEROPORTUARIA,14000,Mayo,2026
AEROPUERTO INT. DE PUERTO PLATA,SERVICIO DE SEGURIDAD AEROPORTUARIA,14000,Mayo,2026
AEROPUERTO INT. DE PUERTO PLATA,SERVICIO DE SEGURIDAD AEROPORTUARIA,14000,Mayo,2026
AEROPUERTO INT. DE PUERTO PLATA,SERVICIO DE SEGURIDAD AEROPORTUARIA,14000,Mayo,2026
AEROPUERTO INT. DE PUERTO PLATA,SERVICIO DE SEGURIDAD AEROPORTUARIA,14000,Mayo,2026
AEROPUERTO INT. DE PUERTO PLATA,SERVICIO DE SEGURIDAD AEROPORTUARIA,14000,Mayo,2026
AEROPUERTO INT. DE PUERTO PLATA,SERVICIO DE SEGURIDAD AEROPORTUARIA,14000,Mayo,2026
AEROPUERTO INT. DE PUERTO PLATA,SERVICIO DE SEGURIDAD AEROPORTUARIA,14000,Mayo,2026
AEROPUERTO INT. DE PUERTO PLATA,SERVICIO DE SEGURIDAD AEROPORTUARIA,14000,Mayo,2026
AEROPUERTO INT. DE PUERTO PLATA,SERVICIO DE SEGURIDAD AEROPORTUARIA,14000,Mayo,2026
AEROPUERTO INT. DE PUERTO PLATA,SERVICIO DE SEGURIDAD AEROPORTUARIA,14000,Mayo,2026
AEROPUERTO INT. DE PUERTO PLATA,SERVICIO DE SEGURIDAD AEROPORTUARIA,14000,Mayo,2026
AEROPUERTO INT. DE PUERTO PLATA,SERVICIO DE SEGURIDAD AEROPORTUARIA,14000,Mayo,2026
AEROPUERTO INT. DE PUERTO PLATA,SERVICIO DE SEGURIDAD AEROPORTUARIA,14000,Mayo,2026
AEROPUERTO INT. DE PUERTO PLATA,SERVICIO DE SEGURIDAD AEROPORTUARIA,14000,Mayo,2026
AEROPUERTO INT. DE PUERTO PLATA,SERVICIO DE SEGURIDAD AEROPORTUARIA,14000,Mayo,2026
AEROPUERTO INT. DE PUERTO PLATA,SERVICIO DE SEGURIDAD AEROPORTUARIA,14000,Mayo,2026
AEROPUERTO INT. DE PUERTO PLATA,SERVICIO DE SEGURIDAD AEROPORTUARIA,14000,Mayo,2026
AEROPUERTO INT. DE PUERTO PLATA,SERVICIO DE SEGURIDAD AEROPORTUARIA,14000,Mayo,2026
AEROPUERTO INT. DE PUERTO PLATA,SERVICIO DE SEGURIDAD AEROPORTUARIA,14000,Mayo,2026
AEROPUERTO INT. DE PUERTO PLATA,SERVICIO DE SEGURIDAD AEROPORTUARIA,14000,Mayo,2026
AEROPUERTO INT. DE PUERTO PLATA,SERVICIO DE SEGURIDAD AEROPORTUARIA,14000,Mayo,2026
AEROPUERTO INT. DE PUERTO PLATA,SERVICIO DE SEGURIDAD AEROPORTUARIA,14000,Mayo,2026
AEROPUERTO INT. DE PUERTO PLATA,SERVICIO DE SEGURIDAD AEROPORTUARIA,14000,Mayo,2026
AEROPUERTO INT. DE PUERTO PLATA,SERVICIO DE SEGURIDAD AEROPORTUARIA,14000,Mayo,2026
AEROPUERTO INT. DE PUERTO PLATA,SERVICIO DE SEGURIDAD AEROPORTUARIA,14000,Mayo,2026
AEROPUERTO INT. DE PUERTO PLATA,SERVICIO DE SEGURIDAD AEROPORTUARIA,14000,Mayo,2026
AEROPUERTO INT. DE PUERTO PLATA,SERVICIO DE SEGURIDAD AEROPORTUARIA,14000,Mayo,2026
AEROPUERTO INT. DE PUERTO PLATA,SERVICIO DE SEGURIDAD AEROPORTUARIA,14000,Mayo,2026
AEROPUERTO INT. DE PUERTO PLATA,SERVICIO DE SEGURIDAD AEROPORTUARIA,25000,Mayo,2026
AEROPUERTO INT. DE PUERTO PLATA,SERVICIO DE SEGURIDAD AEROPORTUARIA,25000,Mayo,2026
AEROPUERTO INT. DE PUERTO PLATA,SERVICIO DE SEGURIDAD AEROPORTUARIA,25000,Mayo,2026
AEROPUERTO INT. DE PUERTO PLATA,SERVICIO DE SEGURIDAD AEROPORTUARIA,25000,Mayo,2026
AEROPUERTO INT. DE PUERTO PLATA,SERVICIO DE SEGURIDAD AEROPORTUARIA,25000,Mayo,2026
AEROPUERTO INT. DE PUERTO PLATA,SERVICIO DE SEGURIDAD AEROPORTUARIA,25000,Mayo,2026
AEROPUERTO INT. DE PUERTO PLATA,SERVICIO DE SEGURIDAD AEROPORTUARIA,25000,Mayo,2026
AEROPUERTO INT. DE PUERTO PLATA,SERVICIO DE SEGURIDAD AEROPORTUARIA,25000,Mayo,2026
AEROPUERTO INT. DE PUERTO PLATA,SERVICIO DE SEGURIDAD AEROPORTUARIA,27650,Mayo,2026
AEROPUERTO INT. DE PUERTO PLATA,SERVICIO DE SEGURIDAD AEROPORTUARIA,25000,Mayo,2026
AEROPUERTO INT. DE PUERTO PLATA,SERVICIO DE SEGURIDAD AEROPORTUARIA,25000,Mayo,2026
AEROPUERTO INT. DE PUERTO PLATA,SERVICIO DE SEGURIDAD AEROPORTUARIA,25000,Mayo,2026
AEROPUERTO INT. DE PUERTO PLATA,SERVICIO DE SEGURIDAD AEROPORTUARIA,25000,Mayo,2026
AEROPUERTO INT. DE PUERTO PLATA,SERVICIO DE SEGURIDAD AEROPORTUARIA,25000,Mayo,2026
AEROPUERTO INT. DE PUERTO PLATA,SERVICIO DE SEGURIDAD AEROPORTUARIA,25000,Mayo,2026
AEROPUERTO INT. DE PUERTO PLATA,SERVICIO DE SEGURIDAD AEROPORTUARIA,25000,Mayo,2026
AEROPUERTO INT. DE PUERTO PLATA,SERVICIO DE SEGURIDAD AEROPORTUARIA,25000,Mayo,2026
AEROPUERTO INT. DE PUERTO PLATA,SERVICIO DE SEGURIDAD AEROPORTUARIA,25000,Mayo,2026
AEROPUERTO INT. DE PUERTO PLATA,SERVICIO DE SEGURIDAD AEROPORTUARIA,30000,Mayo,2026
AEROPUERTO INT. DE PUERTO PLATA,SERVICIO DE SEGURIDAD AEROPORTUARIA,30000,Mayo,2026
AEROPUERTO INT. DE PUERTO PLATA,SERVICIO DE SEGURIDAD AEROPORTUARIA,30000,Mayo,2026
AEROPUERTO INT. DE PUERTO PLATA,SERVICIO DE SEGURIDAD AEROPORTUARIA,35000,Mayo,2026
AEROPUERTO INT. DE PUERTO PLATA,SERVICIO DE SEGURIDAD AEROPORTUARIA,35000,Mayo,2026
AEROPUERTO INT. DE PUERTO PLATA,SERVICIO DE SEGURIDAD AEROPORTUARIA,30000,Mayo,2026
AEROPUERTO INT. DE PUERTO PLATA,SERVICIO DE SEGURIDAD AEROPORTUARIA,30000,Mayo,2026
AEROPUERTO INT. DE PUERTO PLATA,SERVICIO DE SEGURIDAD AEROPORTUARIA,30000,Mayo,2026
AEROPUERTO INT. DE PUERTO PLATA,SERVICIO DE SEGURIDAD AEROPORTUARIA,30000,Mayo,2026
AEROPUERTO INT. DE PUERTO PLATA,SERVICIO DE SEGURIDAD AEROPORTUARIA,30000,Mayo,2026
AEROPUERTO INT. DE PUERTO PLATA,SERVICIO DE SEGURIDAD AEROPORTUARIA,30000,Mayo,2026
AEROPUERTO INT. DE PUERTO PLATA,SERVICIO DE SEGURIDAD AEROPORTUARIA,30000,Mayo,2026
AEROPUERTO INT. DE PUERTO PLATA,SERVICIO DE SEGURIDAD AEROPORTUARIA,29500,Mayo,2026
AEROPUERTO INT. DE PUERTO PLATA,SERVICIO DE SEGURIDAD AEROPORTUARIA,30000,Mayo,2026
AEROPUERTO INT. DE PUERTO PLATA,SERVICIO DE SEGURIDAD AEROPORTUARIA,30000,Mayo,2026
AEROPUERTO INT. DE PUERTO PLATA,SERVICIO DE SEGURIDAD AEROPORTUARIA,30000,Mayo,2026
AEROPUERTO INT. DE PUERTO PLATA,SERVICIO DE SEGURIDAD AEROPORTUARIA,30000,Mayo,2026
AEROPUERTO INT. DE PUERTO PLATA,SERVICIO DE SEGURIDAD AEROPORTUARIA,30000,Mayo,2026
AEROPUERTO INT. DE PUERTO PLATA,SERVICIO DE SEGURIDAD AEROPORTUARIA,14000,Mayo,2026
AEROPUERTO INT. DE PUERTO PLATA,SERVICIO DE SEGURIDAD AEROPORTUARIA,14000,Mayo,2026
AEROPUERTO INT. DE PUERTO PLATA,SERVICIO DE SEGURIDAD AEROPORTUARIA,14000,Mayo,2026
AEROPUERTO INT. DE PUERTO PLATA,SERVICIO DE SEGURIDAD AEROPORTUARIA,14000,Mayo,2026
AEROPUERTO INT. DE PUERTO PLATA,SERVICIO DE SEGURIDAD AEROPORTUARIA,14000,Mayo,2026
AEROPUERTO INT. DE PUERTO PLATA,SERVICIO DE SEGURIDAD AEROPORTUARIA,14000,Mayo,2026
AEROPUERTO INT. DE PUERTO PLATA,SERVICIO DE SEGURIDAD AEROPORTUARIA,14000,Mayo,2026
AEROPUERTO INT. DE PUERTO PLATA,SERVICIO DE SEGURIDAD AEROPORTUARIA,14000,Mayo,2026
AEROPUERTO INT. DE PUERTO PLATA,SERVICIO DE SEGURIDAD AEROPORTUARIA,14000,Mayo,2026
AEROPUERTO INT. DE PUERTO PLATA,SERVICIO DE SEGURIDAD AEROPORTUARIA,14000,Mayo,2026
AEROPUERTO INT. DE PUERTO PLATA,SERVICIO DE SEGURIDAD AEROPORTUARIA,14000,Mayo,2026
AEROPUERTO INT. DE PUERTO PLATA,SERVICIO DE SEGURIDAD AEROPORTUARIA,14000,Mayo,2026
AEROPUERTO INT. DE PUERTO PLATA,SERVICIO DE SEGURIDAD AEROPORTUARIA,14000,Mayo,2026
AEROPUERTO DOM. ARROYO BARRIL,DIRECTOR DE SEGURIDAD DE AEROPUERTO (SIERRA-1),90000,Mayo,2026
AEROPUERTO DOM. ARROYO BARRIL,SUB-DIRECTOR DISCIPLINARIO,70000,Mayo,2026
AEROPUERTO DOM. ARROYO BARRIL,SUB-DIRECTOR DE OPERACIONES,70000,Mayo,2026
AEROPUERTO DOM. ARROYO BARRIL,ENC. DIV. DE PLANES Y PROGRAMAS,25000,Mayo,2026
AEROPUERTO DOM. ARROYO BARRIL,ENC. SECC. DE INTELIGENCIA,30000,Mayo,2026
AEROPUERTO DOM. ARROYO BARRIL,ENC. SECC. DE RECUROS HUMANOS,21500,Mayo,2026
AEROPUERTO DOM. ARROYO BARRIL,ENC. SECC. LEGAL AVSEC Y SECRETARIO DEL COMITÉ,20000,Mayo,2026
AEROPUERTO DOM. ARROYO BARRIL,ENC. SECCION DE PROPIEDADES,15000,Mayo,2026
AEROPUERTO DOM. ARROYO BARRIL,AUXILIAR SECC. DE INTELIGENCIA,21500,Mayo,2026
AEROPUERTO DOM. ARROYO BARRIL,OPERADORA DE RADIO,13500,Mayo,2026
AEROPUERTO DOM. ARROYO BARRIL,MEDICO DE SERV. SEDE PRINCIPAL,15000,Mayo,2026
AEROPUERTO DOM. ARROYO BARRIL,COCINERO (A),12500,Mayo,2026
AEROPUERTO DOM. ARROYO BARRIL,COCINERO (A),20300,Mayo,2026
AEROPUERTO DOM. ARROYO BARRIL,SERVICIO DE SEGURIDAD AEROPORTUARIA,14000,Mayo,2026
AEROPUERTO DOM. ARROYO BARRIL,SERVICIO DE SEGURIDAD AEROPORTUARIA,30000,Mayo,2026
AEROPUERTO DOM. ARROYO BARRIL,SERVICIO DE SEGURIDAD AEROPORTUARIA,30000,Mayo,2026
AEROPUERTO DOM. ARROYO BARRIL,SERVICIO DE SEGURIDAD AEROPORTUARIA,25000,Mayo,2026
AEROPUERTO DOM. ARROYO BARRIL,SERVICIO DE SEGURIDAD AEROPORTUARIA,25000,Mayo,2026
AEROPUERTO DOM. ARROYO BARRIL,SERVICIO DE SEGURIDAD AEROPORTUARIA,21500,Mayo,2026
AEROPUERTO DOM. ARROYO BARRIL,SERVICIO DE SEGURIDAD AEROPORTUARIA,5300,Mayo,2026
AEROPUERTO DOM. ARROYO BARRIL,SERVICIO DE SEGURIDAD AEROPORTUARIA,21500,Mayo,2026
AEROPUERTO DOM. ARROYO BARRIL,SERVICIO DE SEGURIDAD AEROPORTUARIA,21500,Mayo,2026
AEROPUERTO DOM. ARROYO BARRIL,SERVICIO DE SEGURIDAD AEROPORTUARIA,14000,Mayo,2026
AEROPUERTO DOM. ARROYO BARRIL,SERVICIO DE SEGURIDAD AEROPORTUARIA,25000,Mayo,2026
AEROPUERTO DOM. ARROYO BARRIL,SERVICIO DE SEGURIDAD AEROPORTUARIA,25000,Mayo,2026
AEROPUERTO DOM. ARROYO BARRIL,SERVICIO DE SEGURIDAD AEROPORTUARIA,24500,Mayo,2026
AEROPUERTO DOM. ARROYO BARRIL,SERVICIO DE SEGURIDAD AEROPORTUARIA,30000,Mayo,2026
AEROPUERTO DOM. ARROYO BARRIL,SERVICIO DE SEGURIDAD AEROPORTUARIA,30000,Mayo,2026
AEROPUERTO DOM. ARROYO BARRIL,SERVICIO DE SEGURIDAD AEROPORTUARIA,30000,Mayo,2026
AEROPUERTO DOM. ARROYO BARRIL,SERVICIO DE SEGURIDAD AEROPORTUARIA,30000,Mayo,2026
AEROPUERTO DOM. ARROYO BARRIL,SERVICIO DE SEGURIDAD AEROPORTUARIA,35000,Mayo,2026
AEROPUERTO DOM. ARROYO BARRIL,SERVICIO DE SEGURIDAD AEROPORTUARIA,30000,Mayo,2026
AEROPUERTO DOM. ARROYO BARRIL,SERVICIO DE SEGURIDAD AEROPORTUARIA,21500,Mayo,2026
AEROPUERTO INT. SAMANA (CATEY),DIRECTOR DE SEGURIDAD DE AEROPUERTO (SIERRA-1),90000,Mayo,2026
AEROPUERTO INT. SAMANA (CATEY),SUB-DIRECTOR DISCIPLINARIO,70000,Mayo,2026
AEROPUERTO INT. SAMANA (CATEY),SUB-DIRECTOR DE OPERACIONES,70000,Mayo,2026
AEROPUERTO INT. SAMANA (CATEY),ENC. DIV. DE PLANES Y PROGRAMAS,25000,Mayo,2026
AEROPUERTO INT. SAMANA (CATEY),ENC. DIV. DE RECURSOS HUMANOS,25000,Mayo,2026
AEROPUERTO INT. SAMANA (CATEY),ENC. SECC. DE ENTRENAMIENTO,21500,Mayo,2026
AEROPUERTO INT. SAMANA (CATEY),ENC. SECC. DE ENTRENAMIENTO,30000,Mayo,2026
AEROPUERTO INT. SAMANA (CATEY),ENC. SECC. DE EVALUACION,21500,Mayo,2026
AEROPUERTO INT. SAMANA (CATEY),ENC. SECC. DE PROPIEDADES,15000,Mayo,2026
AEROPUERTO INT. SAMANA (CATEY),ENC. SECC. DE SEGUIMIENTO,21500,Mayo,2026
AEROPUERTO INT. SAMANA (CATEY),ENC. SECC. DETECC. EXPLOS. K-9,28000,Mayo,2026
AEROPUERTO INT. SAMANA (CATEY),ENC. SECC. FISCALIZACION,15700,Mayo,2026
AEROPUERTO INT. SAMANA (CATEY),ENC. SECC. INTELIGENCIA,15000,Mayo,2026
AEROPUERTO INT. SAMANA (CATEY),ENC. SECC. LEGAL DE LA DIR. JURIDICA,20300,Mayo,2026
AEROPUERTO INT. SAMANA (CATEY),ENC. AREA VERDE/MANTENIMIENTO,12500,Mayo,2026
AEROPUERTO INT. SAMANA (CATEY),UNIDAD AUX. DE LA SECC. DE INTELIGENCIA,10000,Mayo,2026
AEROPUERTO INT. SAMANA (CATEY),AUXILIAR ADMINISTRATIVA,30000,Mayo,2026
AEROPUERTO INT. SAMANA (CATEY),AUXILIAR DE LA SECCION DE FISCALIZACIÓN,12500,Mayo,2026
AEROPUERTO INT. SAMANA (CATEY),AUXILIAR DE VALIDACION,25000,Mayo,2026
AEROPUERTO INT. SAMANA (CATEY),AUXILIAR DE VALIDACION,15000,Mayo,2026
AEROPUERTO INT. SAMANA (CATEY),AUXILIAR DE VALIDACION,30000,Mayo,2026
AEROPUERTO INT. SAMANA (CATEY),MANEJADOR K-9 EN LA SECCION DE DETECCION DE EXPLOSIVOS,21500,Mayo,2026
AEROPUERTO INT. SAMANA (CATEY),MANEJADOR K-9 EN LA SECCION DE DETECCIÓN DE EXPLOSIVOS,27650,Mayo,2026
AEROPUERTO INT. SAMANA (CATEY),MANEJADOR K-9 EN LA SECCION DE DETECCIÓN DE EXPLOSIVOS,32650,Mayo,2026
AEROPUERTO INT. SAMANA (CATEY),MANEJADOR K-9 EN LA SECCION DE DETECCIÓN DE EXPLOSIVOS,32650,Mayo,2026
AEROPUERTO INT. SAMANA (CATEY),BIOANALISTA,20300,Mayo,2026
AEROPUERTO INT. SAMANA (CATEY),CHOFER NIVEL 1 (VEHICULOS PESADOS Y TRANSPORTE COLECTIVO),20000,Mayo,2026
AEROPUERTO INT. SAMANA (CATEY),COCINERO (A),12500,Mayo,2026
AEROPUERTO INT. SAMANA (CATEY),COCINERO (A),12500,Mayo,2026
AEROPUERTO INT. SAMANA (CATEY),COCINERO (A),12500,Mayo,2026
AEROPUERTO INT. SAMANA (CATEY),COCINERO (A),12500,Mayo,2026
AEROPUERTO INT. SAMANA (CATEY),CONSERJE,12500,Mayo,2026
AEROPUERTO INT. SAMANA (CATEY),SERVICIO DE SEGURIDAD AEROPORTUARIA,14000,Mayo,2026
AEROPUERTO INT. SAMANA (CATEY),SERVICIO DE SEGURIDAD AEROPORTUARIA,14000,Mayo,2026
AEROPUERTO INT. SAMANA (CATEY),SERVICIO DE SEGURIDAD AEROPORTUARIA,14000,Mayo,2026
AEROPUERTO INT. SAMANA (CATEY),SERVICIO DE SEGURIDAD AEROPORTUARIA,30000,Mayo,2026
AEROPUERTO INT. SAMANA (CATEY),SERVICIO DE SEGURIDAD AEROPORTUARIA,30000,Mayo,2026
AEROPUERTO INT. SAMANA (CATEY),SERVICIO DE SEGURIDAD AEROPORTUARIA,30000,Mayo,2026
AEROPUERTO INT. SAMANA (CATEY),SERVICIO DE SEGURIDAD AEROPORTUARIA,30000,Mayo,2026
AEROPUERTO INT. SAMANA (CATEY),SERVICIO DE SEGURIDAD AEROPORTUARIA,30000,Mayo,2026
AEROPUERTO INT. SAMANA (CATEY),SERVICIO DE SEGURIDAD AEROPORTUARIA,30000,Mayo,2026
AEROPUERTO INT. SAMANA (CATEY),SERVICIO DE SEGURIDAD AEROPORTUARIA,30000,Mayo,2026
AEROPUERTO INT. SAMANA (CATEY),SERVICIO DE SEGURIDAD AEROPORTUARIA,30000,Mayo,2026
AEROPUERTO INT. SAMANA (CATEY),SERVICIO DE SEGURIDAD AEROPORTUARIA,30000,Mayo,2026
AEROPUERTO INT. SAMANA (CATEY),SERVICIO DE SEGURIDAD AEROPORTUARIA,21500,Mayo,2026
AEROPUERTO INT. SAMANA (CATEY),SERVICIO DE SEGURIDAD AEROPORTUARIA,25000,Mayo,2026
AEROPUERTO INT. SAMANA (CATEY),SERVICIO DE SEGURIDAD AEROPORTUARIA,21500,Mayo,2026
AEROPUERTO INT. SAMANA (CATEY),SERVICIO DE SEGURIDAD AEROPORTUARIA,21500,Mayo,2026
AEROPUERTO INT. SAMANA (CATEY),SERVICIO DE SEGURIDAD AEROPORTUARIA,25000,Mayo,2026
AEROPUERTO INT. SAMANA (CATEY),SERVICIO DE SEGURIDAD AEROPORTUARIA,21500,Mayo,2026
AEROPUERTO INT. SAMANA (CATEY),SERVICIO DE SEGURIDAD AEROPORTUARIA,21500,Mayo,2026
AEROPUERTO INT. SAMANA (CATEY),SERVICIO DE SEGURIDAD AEROPORTUARIA,21500,Mayo,2026
AEROPUERTO INT. SAMANA (CATEY),SERVICIO DE SEGURIDAD AEROPORTUARIA,21500,Mayo,2026
AEROPUERTO INT. SAMANA (CATEY),SERVICIO DE SEGURIDAD AEROPORTUARIA,21500,Mayo,2026
AEROPUERTO INT. SAMANA (CATEY),SERVICIO DE SEGURIDAD AEROPORTUARIA,25000,Mayo,2026
AEROPUERTO INT. SAMANA (CATEY),SERVICIO DE SEGURIDAD AEROPORTUARIA,21500,Mayo,2026
AEROPUERTO INT. SAMANA (CATEY),SERVICIO DE SEGURIDAD AEROPORTUARIA,21500,Mayo,2026
AEROPUERTO INT. SAMANA (CATEY),SERVICIO DE SEGURIDAD AEROPORTUARIA,21500,Mayo,2026
AEROPUERTO INT. SAMANA (CATEY),SERVICIO DE SEGURIDAD AEROPORTUARIA,21500,Mayo,2026
AEROPUERTO INT. SAMANA (CATEY),SERVICIO DE SEGURIDAD AEROPORTUARIA,21500,Mayo,2026
AEROPUERTO INT. SAMANA (CATEY),SERVICIO DE SEGURIDAD AEROPORTUARIA,14000,Mayo,2026
AEROPUERTO INT. SAMANA (CATEY),SERVICIO DE SEGURIDAD AEROPORTUARIA,14000,Mayo,2026
AEROPUERTO INT. SAMANA (CATEY),SERVICIO DE SEGURIDAD AEROPORTUARIA,12500,Mayo,2026
AEROPUERTO INT. SAMANA (CATEY),SERVICIO DE SEGURIDAD AEROPORTUARIA,14000,Mayo,2026
AEROPUERTO INT. SAMANA (CATEY),SERVICIO DE SEGURIDAD AEROPORTUARIA,14000,Mayo,2026
AEROPUERTO INT. SAMANA (CATEY),SERVICIO DE SEGURIDAD AEROPORTUARIA,14000,Mayo,2026
AEROPUERTO INT. SAMANA (CATEY),SERVICIO DE SEGURIDAD AEROPORTUARIA,14000,Mayo,2026
AEROPUERTO INT. SAMANA (CATEY),SERVICIO DE SEGURIDAD AEROPORTUARIA,14000,Mayo,2026
AEROPUERTO INT. SAMANA (CATEY),SERVICIO DE SEGURIDAD AEROPORTUARIA,14000,Mayo,2026
AEROPUERTO INT. SAMANA (CATEY),SERVICIO DE SEGURIDAD AEROPORTUARIA,14000,Mayo,2026
AEROPUERTO INT. SAMANA (CATEY),SERVICIO DE SEGURIDAD AEROPORTUARIA,14000,Mayo,2026
AEROPUERTO INT. SAMANA (CATEY),SERVICIO DE SEGURIDAD AEROPORTUARIA,14000,Mayo,2026
AEROPUERTO INT. SAMANA (CATEY),SERVICIO DE SEGURIDAD AEROPORTUARIA,14000,Mayo,2026
AEROPUERTO INT. SAMANA (CATEY),SERVICIO DE SEGURIDAD AEROPORTUARIA,25000,Mayo,2026
AEROPUERTO INT. SAMANA (CATEY),SERVICIO DE SEGURIDAD AEROPORTUARIA,25000,Mayo,2026
AEROPUERTO INT. SAMANA (CATEY),SERVICIO DE SEGURIDAD AEROPORTUARIA,25000,Mayo,2026
AEROPUERTO INT. SAMANA (CATEY),SERVICIO DE SEGURIDAD AEROPORTUARIA,25000,Mayo,2026
AEROPUERTO INT. SAMANA (CATEY),SERVICIO DE SEGURIDAD AEROPORTUARIA,25000,Mayo,2026
AEROPUERTO INT. SAMANA (CATEY),SERVICIO DE SEGURIDAD AEROPORTUARIA,25000,Mayo,2026
AEROPUERTO INT. SAMANA (CATEY),SERVICIO DE SEGURIDAD AEROPORTUARIA,25000,Mayo,2026
AEROPUERTO INT. SAMANA (CATEY),SERVICIO DE SEGURIDAD AEROPORTUARIA,25000,Mayo,2026
AEROPUERTO INT. SAMANA (CATEY),SERVICIO DE SEGURIDAD AEROPORTUARIA,27650,Mayo,2026
AEROPUERTO INT. SAMANA (CATEY),SERVICIO DE SEGURIDAD AEROPORTUARIA,25000,Mayo,2026
AEROPUERTO INT. SAMANA (CATEY),SERVICIO DE SEGURIDAD AEROPORTUARIA,24500,Mayo,2026
AEROPUERTO INT. SAMANA (CATEY),SERVICIO DE SEGURIDAD AEROPORTUARIA,25000,Mayo,2026
AEROPUERTO INT. SAMANA (CATEY),SERVICIO DE SEGURIDAD AEROPORTUARIA,25000,Mayo,2026
AEROPUERTO INT. SAMANA (CATEY),SERVICIO DE SEGURIDAD AEROPORTUARIA,29500,Mayo,2026
AEROPUERTO INT. SAMANA (CATEY),SERVICIO DE SEGURIDAD AEROPORTUARIA,30000,Mayo,2026
AEROPUERTO INT. SAMANA (CATEY),SERVICIO DE SEGURIDAD AEROPORTUARIA,30000,Mayo,2026
AEROPUERTO INT. SAMANA (CATEY),SERVICIO DE SEGURIDAD AEROPORTUARIA,30000,Mayo,2026
AEROPUERTO INT. SAMANA (CATEY),SERVICIO DE SEGURIDAD AEROPORTUARIA,30000,Mayo,2026
AEROPUERTO INT. SAMANA (CATEY),SERVICIO DE SEGURIDAD AEROPORTUARIA,30000,Mayo,2026
AEROPUERTO INT. SAMANA (CATEY),SERVICIO DE SEGURIDAD AEROPORTUARIA,30000,Mayo,2026
AEROPUERTO INT. SAMANA (CATEY),SERVICIO DE SEGURIDAD AEROPORTUARIA,30000,Mayo,2026
AEROPUERTO INT. SAMANA (CATEY),SERVICIO DE SEGURIDAD AEROPORTUARIA,30000,Mayo,2026
AEROPUERTO INT. SAMANA (CATEY),SERVICIO DE SEGURIDAD AEROPORTUARIA,30000,Mayo,2026
AEROPUERTO INT. SAMANA (CATEY),SERVICIO DE SEGURIDAD AEROPORTUARIA,30000,Mayo,2026
AEROPUERTO INT. SAMANA (CATEY),SERVICIO DE SEGURIDAD AEROPORTUARIA,30000,Mayo,2026
AEROPUERTO INT. SAMANA (CATEY),SERVICIO DE SEGURIDAD AEROPORTUARIA,30000,Mayo,2026
AEROPUERTO INT. SAMANA (CATEY),SERVICIO DE SEGURIDAD AEROPORTUARIA,30000,Mayo,2026
AEROPUERTO INT. SAMANA (CATEY),SERVICIO DE SEGURIDAD AEROPORTUARIA,30000,Mayo,2026
AEROPUERTO INT. SAMANA (CATEY),SERVICIO DE SEGURIDAD AEROPORTUARIA,30000,Mayo,2026
AEROPUERTO INT. SAMANA (CATEY),SERVICIO DE SEGURIDAD AEROPORTUARIA,35000,Mayo,2026
AEROPUERTO INT. SAMANA (CATEY),SERVICIO DE SEGURIDAD AEROPORTUARIA,30000,Mayo,2026
AEROPUERTO INT. SAMANA (CATEY),SERVICIO DE SEGURIDAD AEROPORTUARIA,30000,Mayo,2026
AEROPUERTO INT. DE BARAHONA,AUXILIAR SECC. DE INTELIGENCIA,25000,Mayo,2026
AEROPUERTO INT. DE BARAHONA,SERVICIO DE SEG. AEROPORTUARIA,14000,Mayo,2026
AEROPUERTO INT. DE BARAHONA,SERVICIO DE SEGURIDAD AEROPORTUARIA,30000,Mayo,2026
AEROPUERTO INT. DE BARAHONA,DIRECTOR DE SEGURIDAD DE AEROPUERTO (SIERRA-1),90000,Mayo,2026
AEROPUERTO INT. DE BARAHONA,SUB-DIRECTOR DISCIPLINARIO,70000,Mayo,2026
AEROPUERTO INT. DE BARAHONA,SUB-DIRECTOR DE OPERACIONES,70000,Mayo,2026
AEROPUERTO INT. DE BARAHONA,ENC. DIV. DE PLANES Y PROGRAMAS,25000,Mayo,2026
AEROPUERTO INT. DE BARAHONA,ENC. DIV. DE RECURSOS HUMANOS,25000,Mayo,2026
AEROPUERTO INT. DE BARAHONA,ENC. SECC. DE INTELIGENCIA,15000,Mayo,2026
AEROPUERTO INT. DE BARAHONA,ENC. SECC. DE PROPIEDADES,15000,Mayo,2026
AEROPUERTO INT. DE BARAHONA,ENC. SECC. LEGAL AVSEC Y SECRETARIO DEL COMITÉ,20000,Mayo,2026
AEROPUERTO INT. DE BARAHONA,ENCARGADO DE SECCION DE ENTRENAMIENTO,21500,Mayo,2026
AEROPUERTO INT. DE BARAHONA,ENC. UNIDAD DE COMUNICACIONES,12500,Mayo,2026
AEROPUERTO INT. DE BARAHONA,AUXILIAR DE ANTIDOPING,20000,Mayo,2026
AEROPUERTO INT. DE BARAHONA,AUXILIAR SECC. DE VALIDACION,10000,Mayo,2026
AEROPUERTO INT. DE BARAHONA,GERENTE AVSEC,25000,Mayo,2026
AEROPUERTO INT. DE BARAHONA,CHOFER NIVEL 2 (VEHICULOS LIVIANOS),15000,Mayo,2026
AEROPUERTO INT. DE BARAHONA,BARBERO,12500,Mayo,2026
AEROPUERTO INT. DE BARAHONA,COCINERO (A),9000,Mayo,2026
AEROPUERTO INT. DE BARAHONA,CONSERJE,12500,Mayo,2026
AEROPUERTO INT. DE BARAHONA,SERVICIO DE SEG. AEROPORTUARIA,14000,Mayo,2026
AEROPUERTO INT. DE BARAHONA,SERVICIO DE SEG. AEROPORTUARIA,14000,Mayo,2026
AEROPUERTO INT. DE BARAHONA,SERVICIO DE SEG. AEROPORTUARIA,14000,Mayo,2026
AEROPUERTO INT. DE BARAHONA,SERVICIO DE SEG. AEROPORTUARIA,30000,Mayo,2026
AEROPUERTO INT. DE BARAHONA,SERVICIO DE SEG. AEROPORTUARIA,30000,Mayo,2026
AEROPUERTO INT. DE BARAHONA,SERVICIO DE SEG. AEROPORTUARIA,30000,Mayo,2026
AEROPUERTO INT. DE BARAHONA,SERVICIO DE SEG. AEROPORTUARIA,30000,Mayo,2026
AEROPUERTO INT. DE BARAHONA,SERVICIO DE SEGURIDAD AEROPORTUARIA,10000,Mayo,2026
AEROPUERTO INT. DE BARAHONA,SERVICIO DE SEGURIDAD AEROPORTUARIA,15000,Mayo,2026
AEROPUERTO INT. DE BARAHONA,SERVICIO DE SEGURIDAD AEROPORTUARIA,7200,Mayo,2026
AEROPUERTO INT. DE BARAHONA,SERVICIO DE SEGURIDAD AEROPORTUARIA,21500,Mayo,2026
AEROPUERTO INT. DE BARAHONA,SERVICIO DE SEGURIDAD AEROPORTUARIA,21500,Mayo,2026
AEROPUERTO INT. DE BARAHONA,SERVICIO DE SEGURIDAD AEROPORTUARIA,21500,Mayo,2026
AEROPUERTO INT. DE BARAHONA,SERVICIO DE SEGURIDAD AEROPORTUARIA,14000,Mayo,2026
AEROPUERTO INT. DE BARAHONA,SERVICIO DE SEGURIDAD AEROPORTUARIA,14000,Mayo,2026
AEROPUERTO INT. DE BARAHONA,SERVICIO DE SEGURIDAD AEROPORTUARIA,30000,Mayo,2026
AEROPUERTO INT. DE BARAHONA,SERVICIO DE SEGURIDAD AEROPORTUARIA,30000,Mayo,2026
AEROPUERTO INT. DE BARAHONA,SERVICIO DE SEGURIDAD AEROPORTUARIA,25000,Mayo,2026
AEROPUERTO INT. DE BARAHONA,SERVICIO DE SEGURIDAD AEROPORTUARIA,25000,Mayo,2026
AEROPUERTO INT. DE BARAHONA,SERVICIO DE SEGURIDAD AEROPORTUARIA,25000,Mayo,2026
AEROPUERTO INT. DE BARAHONA,SERVICIO DE SEGURIDAD AEROPORTUARIA,30000,Mayo,2026
AEROPUERTO INT. DE BARAHONA,SERVICIO DE SEGURIDAD AEROPORTUARIA,30000,Mayo,2026
AEROPUERTO INT. DE BARAHONA,SERVICIO DE SEGURIDAD AEROPORTUARIA,30000,Mayo,2026
AEROPUERTO INT. DE BARAHONA,SERVICIO DE SEGURIDAD AEROPORTUARIA,30000,Mayo,2026
AEROPUERTO INT. DE BARAHONA,SERVICIO DE SEGURIDAD AEROPORTUARIA,35000,Mayo,2026
AEROPUERTO INT. DE BARAHONA,SERVICIO DE SEGURIDAD AEROPORTUARIA,30000,Mayo,2026
AEROPUERTO INT. DE BARAHONA,SERVICIO DE SEGURIDAD AEROPORTUARIA,30000,Mayo,2026
AEROPUERTO INT. DE BARAHONA,SERVICIO DE SEGURIDAD AEROPORTUARIA,35000,Mayo,2026
AEROPUERTO INT. DE BARAHONA,SERVICIO DE SEGURIDAD AEROPORTUARIA,30000,Mayo,2026
AEROPUERTO INT. DE BARAHONA,SERVICIO DE SEGURIDAD AEROPORTUARIA,30000,Mayo,2026
AEROPUERTO INT. DE BARAHONA,SERVICIO DE SEGURIDAD AEROPORTUARIA,30000,Mayo,2026
AEROPUERTO INT. DE BARAHONA,SERVICIO DE SEGURIDAD AEROPORTUARIA,30000,Mayo,2026
AEROPUERTO INT. DE BARAHONA,SERVICIO DE SEGURIDAD AEROPORTUARIA,30000,Mayo,2026
AEROPUERTO INT. DE BARAHONA,SERVICIO DE SEGURIDAD AEROPORTUARIA,30000,Mayo,2026
AEROPUERTO INT. DE BARAHONA,SERVICIO DE SEGURIDAD AEROPORTUARIA,30000,Mayo,2026
AEROPUERTO INT. DE BARAHONA,SERVICIO DE SEGURIDAD AEROPORTUARIA,30000,Mayo,2026
AEROPUERTO INT. DE BARAHONA,SERVICIO DE SEGURIDAD AEROPORTUARIA,30000,Mayo,2026
SUB-DIRECCION DE AUDITORIA INTERNA,SUBDIRECTOR DE AUDITORIA INTERNA,70000,Mayo,2026
SUB-DIRECCION DE AUDITORIA INTERNA,ENC. DEPTO. DE AUDITORIA INTERNA,35000,Mayo,2026
SUB-DIRECCION DE AUDITORIA INTERNA,ENC.DIV.DE ANAL.SUPEV.PROCEDIM,25000,Mayo,2026
SUB-DIRECCION DE AUDITORIA INTERNA,SERVICIO DE SEGURIDAD AEROPORTUARIA,25000,Mayo,2026
SUB-DIRECCION DE INGENIERIA,SUB-DIRECTOR DE INGENIERIA,70000,Mayo,2026
SUB-DIRECCION DE INGENIERIA,ENC. DEPTO. DE ARQUITECTURA Y DISEÑO,35000,Mayo,2026
SUB-DIRECCION DE INGENIERIA,ENC. DIV. ADMINISTRATIVA,25000,Mayo,2026
SUB-DIRECCION DE INGENIERIA,ENC. SECC. DE EBANISTERIA,15000,Mayo,2026
SUB-DIRECCION DE INGENIERIA,ENC. SECC. DE ELECTRICIDAD,15000,Mayo,2026
SUB-DIRECCION DE INGENIERIA,ENC. SECC. DE MANTENIMIENTO DE AIRE ACONDICIONADO,15000,Mayo,2026
SUB-DIRECCION DE INGENIERIA,ENC. SECC. DISEÑO PROYECTOS,15000,Mayo,2026
SUB-DIRECCION DE INGENIERIA,ENCARGADO DE SECCION DE ELECTRICIDAD,15000,Mayo,2026
SUB-DIRECCION DE INGENIERIA,ENC. UNIDAD DE ALBAÑILERIA,12500,Mayo,2026
SUB-DIRECCION DE INGENIERIA,AUXILIAR DIV. ADMINISTRATIVA,12500,Mayo,2026
SUB-DIRECCION DE INGENERIA,AUIXILIAR DE ELECTRICIDAD,12500,Mayo,2026
SUB-DIRECCION DE INGENERIA,PLOMERO,12500,Mayo,2026
SUB-DIRECCION DE INGENIERIA,TECNICO EN REFRIGERACION Y AIRE,35000,Mayo,2026
SUB-DIRECCION DE INGENIERIA,MENSAJERO NIVEL 2,12500,Mayo,2026
SUB-DIRECCION DE INGENIERIA,MECANICO,15000,Mayo,2026
SUB-DIRECCION DE INGENIERIA,HERRERO,15000,Mayo,2026
SUB-DIRECCION DE INGENIERIA,ELECTRICISTA,13500,Mayo,2026
SUB-DIRECCION DE INGENIERIA,ELECTRICISTA,14500,Mayo,2026
SUB-DIRECCION DE INGENIERIA,AYDTE. DE PINTURA,12500,Mayo,2026
SUB-DIRECCION DE INGENIERIA,SERVICIO DE GUARDIA INTERIOR,15000,Mayo,2026
SUB-DIRECCION DE INGENIERIA,SERVICIO DE SEGURIDAD AEROPORTUARIA,15000,Mayo,2026
SUB-DIRECCION DE INGENIERIA,SERVICIO DE SEGURIDAD AEROPORTUARIA,15000,Mayo,2026
SUB-DIRECCION DE POLIGRAFIA,SUB-DIRECTOR DE POLIGRAFIA,70000,Mayo,2026
SUB-DIRECCION DE POLIGRAFIA,ENC. DEPTO. DE POLIGRAFIA,35000,Mayo,2026
SUB-DIRECCION DE POLIGRAFIA,ENC. SECC. ADMINISTRATIVO,15000,Mayo,2026
SUB-DIRECCION DE POLIGRAFIA,ENC. SECC. DE ANALISIS DE EXAMEN ESPECIFICO,25000,Mayo,2026
SUB-DIRECCION DE POLIGRAFIA,ENC. SECC. DE EXAMENES DE RUTINA Y NI,15000,Mayo,2026
SUB-DIRECCION DE POLIGRAFIA,ENC. SECC. DE EXAMENES DE RUTINA Y NUEVO INGRESO,15000,Mayo,2026
SUB-DIRECCION DE POLIGRAFIA,ENC. SECC. DE EXAMENES ESPECIFICOS,15000,Mayo,2026
SUB-DIRECCION DE POLIGRAFIA,AUXI. SECC. DE ANALISIS DE EXAMEN DE RUTINA/NUEVO INGR.,27650,Mayo,2026
SUB-DIRECCION DE POLIGRAFIA,AUXILIAR DE LA DIV. DE CONTROL DE EXAMENES POLIGRAFIA,14000,Mayo,2026
SUB-DIRECCION DE POLIGRAFIA,AUXILIAR DE LA DIV. DE CONTROL DE EXAMENES POLIGRAFIA,14000,Mayo,2026
SUB-DIRECCION DE POLIGRAFIA,AUXILIAR DE LA DIV. DE CONTROL DE EXAMENES POLIGRAFIA,21000,Mayo,2026
SUB-DIRECCION DE POLIGRAFIA,AUXILIAR DE LA DIV. DE CONTROL DE EXAMENES POLIGRAFIA,21500,Mayo,2026
SUB-DIRECCION DE POLIGRAFIA,AUXILIAR DE LA DIV. DE CONTROL DE EXAMENES POLIGRAFIA,20000,Mayo,2026
SUB-DIRECCION DE POLIGRAFIA,AUXILIAR DE LA DIV. DE CONTROL DE EXAMENES POLIGRAFIA,25000,Mayo,2026
SUB-DIRECCION DE POLIGRAFIA,AUXILIAR DE LA DIV. DE CONTROL DE EXAMENES POLIGRAFIA,25000,Mayo,2026
SUB-DIRECCION DE POLIGRAFIA,AUXILIAR DE LA DIV. DE CONTROL DE EXAMENES POLIGRAFIA,19500,Mayo,2026
SUB-DIRECCION DE POLIGRAFIA,AUXILIAR DE LA DIV. DE CONTROL DE EXAMENES POLIGRAFIA,20300,Mayo,2026
SUB-DIRECCION DE POLIGRAFIA,POLIGRAFISTA,7500,Mayo,2026
SUB-DIRECCION DE POLIGRAFIA,POLIGRAFISTA,10000,Mayo,2026
SUB-DIRECCION DE POLIGRAFIA,SERVICIO DE SEG. AEROPORTUARIA,14000,Mayo,2026
SUB-DIRECCION DE POLIGRAFIA,SERVICIO DE SEGURIDAD AEROPORTUARIA,20300,Mayo,2026
SUB-DIRECCION DE POLIGRAFIA,SERVICIO DE SEGURIDAD AEROPORTUARIA,14500,Mayo,2026
SECRETARIA COMISION TECNICA,SUBDIRECTOR DE LA COMISION TECNICA,70000,Mayo,2026
SECRETARIA COMISION TECNICA,ENC. SECC. ADMINISTRATIVO DE COMISION TECNICA,21500,Mayo,2026
